{"id":"3790212a-506a-4b51-820b-38eec5c32c8f","feedId":"3790212a-506a-4b51-820b-38eec5c32c8f","templateId":"c7fce65a-9bed-4038-815c-a2ba0c62430f","inputProcessorType":"org.apache.nifi.processors.twitter.GetTwitter","templateName":"Demo Twitter","properties":[{"processGroupName":"google_sentiments","processorName":"Initialize Feed Parameters","processorId":"3d3a44a0-7365-1c62-5105-673beb18930d","processGroupId":"c9d3eaa9-015b-1000-9b16-bd67b849e559","processorType":"org.apache.nifi.processors.attributes.UpdateAttribute","key":"metadata.table.feedFormat","value":"ROW FORMAT SERDE 'org.apache.hadoop.hive.serde2.OpenCSVSerde' WITH SERDEPROPERTIES ( 'separatorChar' = ',' ,'escapeChar' = '\\\\' ,'quoteChar' = '\"') STORED AS TEXTFILE","expressionProperties":null,"propertyDescriptor":{"name":"metadata.table.feedFormat","displayName":null,"description":null,"defaultValue":null,"allowableValues":null,"required":null,"sensitive":null,"dynamic":null,"supportsEl":null,"identifiesControllerService":null},"templateValue":"${metadata.table.feedFormat}","userEditable":false,"renderType":"text","renderOptions":{},"selected":true,"inputProperty":false,"containsConfigurationVariables":false,"templateProperty":{"processGroupName":"NiFi Flow","processorName":"org.apache.nifi.processors.attributes.UpdateAttribute","processorId":"3d3a44a0-7365-1c62-0000-000000000000","processGroupId":"f31ee9bf-015a-1000-0000-000000000000","processorType":null,"key":"metadata.table.feedFormat","value":"ROW FORMAT SERDE 'org.apache.hadoop.hive.serde2.OpenCSVSerde' WITH SERDEPROPERTIES ( 'separatorChar' = ',' ,'escapeChar' = '\\\\' ,'quoteChar' = '\"') STORED AS TEXTFILE","expressionProperties":null,"propertyDescriptor":{"name":"metadata.table.feedFormat","displayName":null,"description":null,"defaultValue":null,"allowableValues":null,"required":null,"sensitive":null,"dynamic":null,"supportsEl":null,"identifiesControllerService":null},"templateValue":"${metadata.table.feedFormat}","userEditable":false,"renderType":"text","renderOptions":null,"selected":true,"inputProperty":false,"containsConfigurationVariables":false,"templateProperty":null,"idKey":"f31ee9bf-015a-1000-0000-000000000000-3d3a44a0-7365-1c62-0000-000000000000-metadata.table.feedFormat","processorNameTypeKey":"org.apache.nifi.processors.attributes.UpdateAttribute-null-metadata.table.feedFormat","nameKey":"NiFi Flow-org.apache.nifi.processors.attributes.UpdateAttribute-metadata.table.feedFormat"},"idKey":"c9d3eaa9-015b-1000-9b16-bd67b849e559-3d3a44a0-7365-1c62-5105-673beb18930d-metadata.table.feedFormat","processorNameTypeKey":"Initialize Feed Parameters-org.apache.nifi.processors.attributes.UpdateAttribute-metadata.table.feedFormat","nameKey":"google_sentiments-Initialize Feed Parameters-metadata.table.feedFormat"},{"processGroupName":"google_sentiments","processorName":"Initialize Feed Parameters","processorId":"3d3a44a0-7365-1c62-5105-673beb18930d","processGroupId":"c9d3eaa9-015b-1000-9b16-bd67b849e559","processorType":"org.apache.nifi.processors.attributes.UpdateAttribute","key":"metadata.table.fieldStructure","value":"keyword|string||0|0|0\nlanguage|string||0|0|0\ntweet_id|string||0|0|0\ncreated_at|string||0|0|0\nmessage|string||0|0|0","expressionProperties":null,"propertyDescriptor":{"name":"metadata.table.fieldStructure","displayName":null,"description":null,"defaultValue":null,"allowableValues":null,"required":null,"sensitive":null,"dynamic":null,"supportsEl":null,"identifiesControllerService":null},"templateValue":"${metadata.table.fieldStructure}","userEditable":false,"renderType":"text","renderOptions":{},"selected":true,"inputProperty":false,"containsConfigurationVariables":false,"templateProperty":{"processGroupName":"NiFi Flow","processorName":"org.apache.nifi.processors.attributes.UpdateAttribute","processorId":"3d3a44a0-7365-1c62-0000-000000000000","processGroupId":"f31ee9bf-015a-1000-0000-000000000000","processorType":null,"key":"metadata.table.fieldStructure","value":"keyword|string||0|0|0\nlanguage|string||0|0|0\ntweet_id|string||0|0|0\ncreated_at|string||0|0|0\nmessage|string||0|0|0","expressionProperties":null,"propertyDescriptor":{"name":"metadata.table.fieldStructure","displayName":null,"description":null,"defaultValue":null,"allowableValues":null,"required":null,"sensitive":null,"dynamic":null,"supportsEl":null,"identifiesControllerService":null},"templateValue":"${metadata.table.fieldStructure}","userEditable":false,"renderType":"text","renderOptions":null,"selected":true,"inputProperty":false,"containsConfigurationVariables":false,"templateProperty":null,"idKey":"f31ee9bf-015a-1000-0000-000000000000-3d3a44a0-7365-1c62-0000-000000000000-metadata.table.fieldStructure","processorNameTypeKey":"org.apache.nifi.processors.attributes.UpdateAttribute-null-metadata.table.fieldStructure","nameKey":"NiFi Flow-org.apache.nifi.processors.attributes.UpdateAttribute-metadata.table.fieldStructure"},"idKey":"c9d3eaa9-015b-1000-9b16-bd67b849e559-3d3a44a0-7365-1c62-5105-673beb18930d-metadata.table.fieldStructure","processorNameTypeKey":"Initialize Feed Parameters-org.apache.nifi.processors.attributes.UpdateAttribute-metadata.table.fieldStructure","nameKey":"google_sentiments-Initialize Feed Parameters-metadata.table.fieldStructure"},{"processGroupName":"google_sentiments","processorName":"Initialize Feed Parameters","processorId":"3d3a44a0-7365-1c62-5105-673beb18930d","processGroupId":"c9d3eaa9-015b-1000-9b16-bd67b849e559","processorType":"org.apache.nifi.processors.attributes.UpdateAttribute","key":"hive.master.root","value":"${config.hive.master.root}","expressionProperties":null,"propertyDescriptor":{"name":"hive.master.root","displayName":null,"description":null,"defaultValue":null,"allowableValues":null,"required":null,"sensitive":null,"dynamic":null,"supportsEl":null,"identifiesControllerService":null},"templateValue":"${config.hive.master.root}","userEditable":false,"renderType":"text","renderOptions":{},"selected":true,"inputProperty":false,"containsConfigurationVariables":true,"templateProperty":{"processGroupName":"NiFi Flow","processorName":"org.apache.nifi.processors.attributes.UpdateAttribute","processorId":"3d3a44a0-7365-1c62-0000-000000000000","processGroupId":"f31ee9bf-015a-1000-0000-000000000000","processorType":null,"key":"hive.master.root","value":"/app/warehouse","expressionProperties":null,"propertyDescriptor":{"name":"hive.master.root","displayName":null,"description":null,"defaultValue":null,"allowableValues":null,"required":null,"sensitive":null,"dynamic":null,"supportsEl":null,"identifiesControllerService":null},"templateValue":"${config.hive.master.root}","userEditable":false,"renderType":"text","renderOptions":null,"selected":true,"inputProperty":false,"containsConfigurationVariables":true,"templateProperty":null,"idKey":"f31ee9bf-015a-1000-0000-000000000000-3d3a44a0-7365-1c62-0000-000000000000-hive.master.root","processorNameTypeKey":"org.apache.nifi.processors.attributes.UpdateAttribute-null-hive.master.root","nameKey":"NiFi Flow-org.apache.nifi.processors.attributes.UpdateAttribute-hive.master.root"},"idKey":"c9d3eaa9-015b-1000-9b16-bd67b849e559-3d3a44a0-7365-1c62-5105-673beb18930d-hive.master.root","processorNameTypeKey":"Initialize Feed Parameters-org.apache.nifi.processors.attributes.UpdateAttribute-hive.master.root","nameKey":"google_sentiments-Initialize Feed Parameters-hive.master.root"},{"processGroupName":"google_sentiments","processorName":"GetTwitter","processorId":"2c9405dd-f5cf-41eb-0c4c-414a94b58dcc","processGroupId":"c9d3eaa9-015b-1000-9b16-bd67b849e559","processorType":"org.apache.nifi.processors.twitter.GetTwitter","key":"Terms to Filter On","value":"GOOG","expressionProperties":null,"propertyDescriptor":{"name":"Terms to Filter On","displayName":null,"description":null,"defaultValue":null,"allowableValues":null,"required":null,"sensitive":null,"dynamic":null,"supportsEl":null,"identifiesControllerService":null},"templateValue":null,"userEditable":true,"renderType":"text","renderOptions":{},"selected":false,"inputProperty":true,"containsConfigurationVariables":false,"templateProperty":{"processGroupName":"NiFi Flow","processorName":"org.apache.nifi.processors.twitter.GetTwitter","processorId":"2c9405dd-f5cf-41eb-0000-000000000000","processGroupId":"f31ee9bf-015a-1000-0000-000000000000","processorType":null,"key":"Terms to Filter On","value":"GOOG","expressionProperties":null,"propertyDescriptor":{"name":"Terms to Filter On","displayName":null,"description":null,"defaultValue":null,"allowableValues":null,"required":null,"sensitive":null,"dynamic":null,"supportsEl":null,"identifiesControllerService":null},"templateValue":null,"userEditable":true,"renderType":"text","renderOptions":null,"selected":false,"inputProperty":true,"containsConfigurationVariables":false,"templateProperty":null,"idKey":"f31ee9bf-015a-1000-0000-000000000000-2c9405dd-f5cf-41eb-0000-000000000000-Terms to Filter On","processorNameTypeKey":"org.apache.nifi.processors.twitter.GetTwitter-null-Terms to Filter On","nameKey":"NiFi Flow-org.apache.nifi.processors.twitter.GetTwitter-Terms to Filter On"},"idKey":"c9d3eaa9-015b-1000-9b16-bd67b849e559-2c9405dd-f5cf-41eb-0c4c-414a94b58dcc-Terms to Filter On","processorNameTypeKey":"GetTwitter-org.apache.nifi.processors.twitter.GetTwitter-Terms to Filter On","nameKey":"google_sentiments-GetTwitter-Terms to Filter On"},{"processGroupName":"google_sentiments","processorName":"Initialize Feed Parameters","processorId":"3d3a44a0-7365-1c62-5105-673beb18930d","processGroupId":"c9d3eaa9-015b-1000-9b16-bd67b849e559","processorType":"org.apache.nifi.processors.attributes.UpdateAttribute","key":"keyword","value":"GOOG","expressionProperties":null,"propertyDescriptor":{"name":"keyword","displayName":null,"description":null,"defaultValue":null,"allowableValues":null,"required":null,"sensitive":null,"dynamic":null,"supportsEl":null,"identifiesControllerService":null},"templateValue":"","userEditable":true,"renderType":"text","renderOptions":{},"selected":false,"inputProperty":false,"containsConfigurationVariables":false,"templateProperty":{"processGroupName":"NiFi Flow","processorName":"org.apache.nifi.processors.attributes.UpdateAttribute","processorId":"3d3a44a0-7365-1c62-0000-000000000000","processGroupId":"f31ee9bf-015a-1000-0000-000000000000","processorType":null,"key":"keyword","value":"GOOG","expressionProperties":null,"propertyDescriptor":{"name":"keyword","displayName":null,"description":null,"defaultValue":null,"allowableValues":null,"required":null,"sensitive":null,"dynamic":null,"supportsEl":null,"identifiesControllerService":null},"templateValue":"","userEditable":true,"renderType":"text","renderOptions":null,"selected":false,"inputProperty":false,"containsConfigurationVariables":false,"templateProperty":null,"idKey":"f31ee9bf-015a-1000-0000-000000000000-3d3a44a0-7365-1c62-0000-000000000000-keyword","processorNameTypeKey":"org.apache.nifi.processors.attributes.UpdateAttribute-null-keyword","nameKey":"NiFi Flow-org.apache.nifi.processors.attributes.UpdateAttribute-keyword"},"idKey":"c9d3eaa9-015b-1000-9b16-bd67b849e559-3d3a44a0-7365-1c62-5105-673beb18930d-keyword","processorNameTypeKey":"Initialize Feed Parameters-org.apache.nifi.processors.attributes.UpdateAttribute-keyword","nameKey":"google_sentiments-Initialize Feed Parameters-keyword"},{"processGroupName":"google_sentiments","processorName":"Initialize Feed Parameters","processorId":"3d3a44a0-7365-1c62-5105-673beb18930d","processGroupId":"c9d3eaa9-015b-1000-9b16-bd67b849e559","processorType":"org.apache.nifi.processors.attributes.UpdateAttribute","key":"feed","value":"google_sentiments","expressionProperties":null,"propertyDescriptor":{"name":"feed","displayName":null,"description":null,"defaultValue":null,"allowableValues":null,"required":null,"sensitive":null,"dynamic":null,"supportsEl":null,"identifiesControllerService":null},"templateValue":"${metadata.systemFeedName}","userEditable":false,"renderType":"text","renderOptions":{},"selected":true,"inputProperty":false,"containsConfigurationVariables":false,"templateProperty":{"processGroupName":"NiFi Flow","processorName":"org.apache.nifi.processors.attributes.UpdateAttribute","processorId":"3d3a44a0-7365-1c62-0000-000000000000","processGroupId":"f31ee9bf-015a-1000-0000-000000000000","processorType":null,"key":"feed","value":"google_sentiments","expressionProperties":null,"propertyDescriptor":{"name":"feed","displayName":null,"description":null,"defaultValue":null,"allowableValues":null,"required":null,"sensitive":null,"dynamic":null,"supportsEl":null,"identifiesControllerService":null},"templateValue":"${metadata.systemFeedName}","userEditable":false,"renderType":"text","renderOptions":null,"selected":true,"inputProperty":false,"containsConfigurationVariables":false,"templateProperty":null,"idKey":"f31ee9bf-015a-1000-0000-000000000000-3d3a44a0-7365-1c62-0000-000000000000-feed","processorNameTypeKey":"org.apache.nifi.processors.attributes.UpdateAttribute-null-feed","nameKey":"NiFi Flow-org.apache.nifi.processors.attributes.UpdateAttribute-feed"},"idKey":"c9d3eaa9-015b-1000-9b16-bd67b849e559-3d3a44a0-7365-1c62-5105-673beb18930d-feed","processorNameTypeKey":"Initialize Feed Parameters-org.apache.nifi.processors.attributes.UpdateAttribute-feed","nameKey":"google_sentiments-Initialize Feed Parameters-feed"},{"processGroupName":"google_sentiments","processorName":"GetTwitter","processorId":"2c9405dd-f5cf-41eb-0c4c-414a94b58dcc","processGroupId":"c9d3eaa9-015b-1000-9b16-bd67b849e559","processorType":"org.apache.nifi.processors.twitter.GetTwitter","key":"Consumer Secret","value":"0X6JTFVhqTQuKatck13J3eo7YiJhH9qc3u8eUBBMsS21p777Z6","expressionProperties":null,"propertyDescriptor":{"name":"Consumer Secret","displayName":null,"description":null,"defaultValue":null,"allowableValues":null,"required":null,"sensitive":null,"dynamic":null,"supportsEl":null,"identifiesControllerService":null},"templateValue":null,"userEditable":true,"renderType":"text","renderOptions":{},"selected":false,"inputProperty":true,"containsConfigurationVariables":false,"templateProperty":{"processGroupName":"NiFi Flow","processorName":"org.apache.nifi.processors.twitter.GetTwitter","processorId":"2c9405dd-f5cf-41eb-0000-000000000000","processGroupId":"f31ee9bf-015a-1000-0000-000000000000","processorType":null,"key":"Consumer Secret","value":"0X6JTFVhqTQuKatck13J3eo7YiJhH9qc3u8eUBBMsS21p777Z6","expressionProperties":null,"propertyDescriptor":{"name":"Consumer Secret","displayName":null,"description":null,"defaultValue":null,"allowableValues":null,"required":null,"sensitive":null,"dynamic":null,"supportsEl":null,"identifiesControllerService":null},"templateValue":null,"userEditable":true,"renderType":"text","renderOptions":null,"selected":false,"inputProperty":true,"containsConfigurationVariables":false,"templateProperty":null,"idKey":"f31ee9bf-015a-1000-0000-000000000000-2c9405dd-f5cf-41eb-0000-000000000000-Consumer Secret","processorNameTypeKey":"org.apache.nifi.processors.twitter.GetTwitter-null-Consumer Secret","nameKey":"NiFi Flow-org.apache.nifi.processors.twitter.GetTwitter-Consumer Secret"},"idKey":"c9d3eaa9-015b-1000-9b16-bd67b849e559-2c9405dd-f5cf-41eb-0c4c-414a94b58dcc-Consumer Secret","processorNameTypeKey":"GetTwitter-org.apache.nifi.processors.twitter.GetTwitter-Consumer Secret","nameKey":"google_sentiments-GetTwitter-Consumer Secret"},{"processGroupName":"google_sentiments","processorName":"Initialize Feed Parameters","processorId":"3d3a44a0-7365-1c62-5105-673beb18930d","processGroupId":"c9d3eaa9-015b-1000-9b16-bd67b849e559","processorType":"org.apache.nifi.processors.attributes.UpdateAttribute","key":"skipHeader","value":"false","expressionProperties":null,"propertyDescriptor":{"name":"skipHeader","displayName":null,"description":null,"defaultValue":null,"allowableValues":null,"required":null,"sensitive":null,"dynamic":null,"supportsEl":null,"identifiesControllerService":null},"templateValue":"${metadata.options.skipHeader}","userEditable":false,"renderType":"text","renderOptions":{},"selected":true,"inputProperty":false,"containsConfigurationVariables":false,"templateProperty":{"processGroupName":"NiFi Flow","processorName":"org.apache.nifi.processors.attributes.UpdateAttribute","processorId":"3d3a44a0-7365-1c62-0000-000000000000","processGroupId":"f31ee9bf-015a-1000-0000-000000000000","processorType":null,"key":"skipHeader","value":"false","expressionProperties":null,"propertyDescriptor":{"name":"skipHeader","displayName":null,"description":null,"defaultValue":null,"allowableValues":null,"required":null,"sensitive":null,"dynamic":null,"supportsEl":null,"identifiesControllerService":null},"templateValue":"${metadata.options.skipHeader}","userEditable":false,"renderType":"text","renderOptions":null,"selected":true,"inputProperty":false,"containsConfigurationVariables":false,"templateProperty":null,"idKey":"f31ee9bf-015a-1000-0000-000000000000-3d3a44a0-7365-1c62-0000-000000000000-skipHeader","processorNameTypeKey":"org.apache.nifi.processors.attributes.UpdateAttribute-null-skipHeader","nameKey":"NiFi Flow-org.apache.nifi.processors.attributes.UpdateAttribute-skipHeader"},"idKey":"c9d3eaa9-015b-1000-9b16-bd67b849e559-3d3a44a0-7365-1c62-5105-673beb18930d-skipHeader","processorNameTypeKey":"Initialize Feed Parameters-org.apache.nifi.processors.attributes.UpdateAttribute-skipHeader","nameKey":"google_sentiments-Initialize Feed Parameters-skipHeader"},{"processGroupName":"google_sentiments","processorName":"Initialize Feed Parameters","processorId":"3d3a44a0-7365-1c62-5105-673beb18930d","processGroupId":"c9d3eaa9-015b-1000-9b16-bd67b849e559","processorType":"org.apache.nifi.processors.attributes.UpdateAttribute","key":"metadata.table.feedFieldStructure","value":"keyword|string||0|0|0\nlanguage|string||0|0|0\ntweet_id|string||0|0|0\ncreated_at|string||0|0|0\nmessage|string||0|0|0","expressionProperties":null,"propertyDescriptor":{"name":"metadata.table.feedFieldStructure","displayName":null,"description":null,"defaultValue":null,"allowableValues":null,"required":null,"sensitive":null,"dynamic":null,"supportsEl":null,"identifiesControllerService":null},"templateValue":"${metadata.table.feedFieldStructure}","userEditable":false,"renderType":"text","renderOptions":{},"selected":true,"inputProperty":false,"containsConfigurationVariables":false,"templateProperty":{"processGroupName":"NiFi Flow","processorName":"org.apache.nifi.processors.attributes.UpdateAttribute","processorId":"3d3a44a0-7365-1c62-0000-000000000000","processGroupId":"f31ee9bf-015a-1000-0000-000000000000","processorType":null,"key":"metadata.table.feedFieldStructure","value":"keyword|string||0|0|0\nlanguage|string||0|0|0\ntweet_id|string||0|0|0\ncreated_at|string||0|0|0\nmessage|string||0|0|0","expressionProperties":null,"propertyDescriptor":{"name":"metadata.table.feedFieldStructure","displayName":null,"description":null,"defaultValue":null,"allowableValues":null,"required":null,"sensitive":null,"dynamic":null,"supportsEl":null,"identifiesControllerService":null},"templateValue":"${metadata.table.feedFieldStructure}","userEditable":false,"renderType":"text","renderOptions":null,"selected":true,"inputProperty":false,"containsConfigurationVariables":false,"templateProperty":null,"idKey":"f31ee9bf-015a-1000-0000-000000000000-3d3a44a0-7365-1c62-0000-000000000000-metadata.table.feedFieldStructure","processorNameTypeKey":"org.apache.nifi.processors.attributes.UpdateAttribute-null-metadata.table.feedFieldStructure","nameKey":"NiFi Flow-org.apache.nifi.processors.attributes.UpdateAttribute-metadata.table.feedFieldStructure"},"idKey":"c9d3eaa9-015b-1000-9b16-bd67b849e559-3d3a44a0-7365-1c62-5105-673beb18930d-metadata.table.feedFieldStructure","processorNameTypeKey":"Initialize Feed Parameters-org.apache.nifi.processors.attributes.UpdateAttribute-metadata.table.feedFieldStructure","nameKey":"google_sentiments-Initialize Feed Parameters-metadata.table.feedFieldStructure"},{"processGroupName":"google_sentiments","processorName":"GetTwitter","processorId":"2c9405dd-f5cf-41eb-0c4c-414a94b58dcc","processGroupId":"c9d3eaa9-015b-1000-9b16-bd67b849e559","processorType":"org.apache.nifi.processors.twitter.GetTwitter","key":"Access Token","value":"856472585294540800-KJX4CPwImfX2CzHvt4CxeMpZKPHOhZX","expressionProperties":null,"propertyDescriptor":{"name":"Access Token","displayName":null,"description":null,"defaultValue":null,"allowableValues":null,"required":null,"sensitive":null,"dynamic":null,"supportsEl":null,"identifiesControllerService":null},"templateValue":"","userEditable":true,"renderType":"text","renderOptions":{},"selected":false,"inputProperty":true,"containsConfigurationVariables":false,"templateProperty":{"processGroupName":"NiFi Flow","processorName":"org.apache.nifi.processors.twitter.GetTwitter","processorId":"2c9405dd-f5cf-41eb-0000-000000000000","processGroupId":"f31ee9bf-015a-1000-0000-000000000000","processorType":null,"key":"Access Token","value":"856472585294540800-KJX4CPwImfX2CzHvt4CxeMpZKPHOhZX","expressionProperties":null,"propertyDescriptor":{"name":"Access Token","displayName":null,"description":null,"defaultValue":null,"allowableValues":null,"required":null,"sensitive":null,"dynamic":null,"supportsEl":null,"identifiesControllerService":null},"templateValue":"","userEditable":true,"renderType":"text","renderOptions":null,"selected":false,"inputProperty":true,"containsConfigurationVariables":false,"templateProperty":null,"idKey":"f31ee9bf-015a-1000-0000-000000000000-2c9405dd-f5cf-41eb-0000-000000000000-Access Token","processorNameTypeKey":"org.apache.nifi.processors.twitter.GetTwitter-null-Access Token","nameKey":"NiFi Flow-org.apache.nifi.processors.twitter.GetTwitter-Access Token"},"idKey":"c9d3eaa9-015b-1000-9b16-bd67b849e559-2c9405dd-f5cf-41eb-0c4c-414a94b58dcc-Access Token","processorNameTypeKey":"GetTwitter-org.apache.nifi.processors.twitter.GetTwitter-Access Token","nameKey":"google_sentiments-GetTwitter-Access Token"},{"processGroupName":"google_sentiments","processorName":"Initialize Feed Parameters","processorId":"3d3a44a0-7365-1c62-5105-673beb18930d","processGroupId":"c9d3eaa9-015b-1000-9b16-bd67b849e559","processorType":"org.apache.nifi.processors.attributes.UpdateAttribute","key":"category","value":"demo","expressionProperties":null,"propertyDescriptor":{"name":"category","displayName":null,"description":null,"defaultValue":null,"allowableValues":null,"required":null,"sensitive":null,"dynamic":null,"supportsEl":null,"identifiesControllerService":null},"templateValue":"${metadata.category.systemName}","userEditable":false,"renderType":"text","renderOptions":{},"selected":true,"inputProperty":false,"containsConfigurationVariables":false,"templateProperty":{"processGroupName":"NiFi Flow","processorName":"org.apache.nifi.processors.attributes.UpdateAttribute","processorId":"3d3a44a0-7365-1c62-0000-000000000000","processGroupId":"f31ee9bf-015a-1000-0000-000000000000","processorType":null,"key":"category","value":"demo","expressionProperties":null,"propertyDescriptor":{"name":"category","displayName":null,"description":null,"defaultValue":null,"allowableValues":null,"required":null,"sensitive":null,"dynamic":null,"supportsEl":null,"identifiesControllerService":null},"templateValue":"${metadata.category.systemName}","userEditable":false,"renderType":"text","renderOptions":null,"selected":true,"inputProperty":false,"containsConfigurationVariables":false,"templateProperty":null,"idKey":"f31ee9bf-015a-1000-0000-000000000000-3d3a44a0-7365-1c62-0000-000000000000-category","processorNameTypeKey":"org.apache.nifi.processors.attributes.UpdateAttribute-null-category","nameKey":"NiFi Flow-org.apache.nifi.processors.attributes.UpdateAttribute-category"},"idKey":"c9d3eaa9-015b-1000-9b16-bd67b849e559-3d3a44a0-7365-1c62-5105-673beb18930d-category","processorNameTypeKey":"Initialize Feed Parameters-org.apache.nifi.processors.attributes.UpdateAttribute-category","nameKey":"google_sentiments-Initialize Feed Parameters-category"},{"processGroupName":"google_sentiments","processorName":"Initialize Feed Parameters","processorId":"3d3a44a0-7365-1c62-5105-673beb18930d","processGroupId":"c9d3eaa9-015b-1000-9b16-bd67b849e559","processorType":"org.apache.nifi.processors.attributes.UpdateAttribute","key":"metadata.table.fieldIndexString","value":"keyword,language,created_at,message","expressionProperties":null,"propertyDescriptor":{"name":"metadata.table.fieldIndexString","displayName":null,"description":null,"defaultValue":null,"allowableValues":null,"required":null,"sensitive":null,"dynamic":null,"supportsEl":null,"identifiesControllerService":null},"templateValue":"${metadata.table.fieldIndexString}","userEditable":false,"renderType":"text","renderOptions":{},"selected":true,"inputProperty":false,"containsConfigurationVariables":false,"templateProperty":{"processGroupName":"NiFi Flow","processorName":"org.apache.nifi.processors.attributes.UpdateAttribute","processorId":"3d3a44a0-7365-1c62-0000-000000000000","processGroupId":"f31ee9bf-015a-1000-0000-000000000000","processorType":null,"key":"metadata.table.fieldIndexString","value":"keyword,language,created_at,message","expressionProperties":null,"propertyDescriptor":{"name":"metadata.table.fieldIndexString","displayName":null,"description":null,"defaultValue":null,"allowableValues":null,"required":null,"sensitive":null,"dynamic":null,"supportsEl":null,"identifiesControllerService":null},"templateValue":"${metadata.table.fieldIndexString}","userEditable":false,"renderType":"text","renderOptions":null,"selected":true,"inputProperty":false,"containsConfigurationVariables":false,"templateProperty":null,"idKey":"f31ee9bf-015a-1000-0000-000000000000-3d3a44a0-7365-1c62-0000-000000000000-metadata.table.fieldIndexString","processorNameTypeKey":"org.apache.nifi.processors.attributes.UpdateAttribute-null-metadata.table.fieldIndexString","nameKey":"NiFi Flow-org.apache.nifi.processors.attributes.UpdateAttribute-metadata.table.fieldIndexString"},"idKey":"c9d3eaa9-015b-1000-9b16-bd67b849e559-3d3a44a0-7365-1c62-5105-673beb18930d-metadata.table.fieldIndexString","processorNameTypeKey":"Initialize Feed Parameters-org.apache.nifi.processors.attributes.UpdateAttribute-metadata.table.fieldIndexString","nameKey":"google_sentiments-Initialize Feed Parameters-metadata.table.fieldIndexString"},{"processGroupName":"google_sentiments","processorName":"GetTwitter","processorId":"2c9405dd-f5cf-41eb-0c4c-414a94b58dcc","processGroupId":"c9d3eaa9-015b-1000-9b16-bd67b849e559","processorType":"org.apache.nifi.processors.twitter.GetTwitter","key":"Consumer Key","value":"uT5JYTG2eYoBj0kOxDzIjYjWQ","expressionProperties":null,"propertyDescriptor":{"name":"Consumer Key","displayName":null,"description":null,"defaultValue":null,"allowableValues":null,"required":null,"sensitive":null,"dynamic":null,"supportsEl":null,"identifiesControllerService":null},"templateValue":"","userEditable":true,"renderType":"text","renderOptions":{},"selected":false,"inputProperty":true,"containsConfigurationVariables":false,"templateProperty":{"processGroupName":"NiFi Flow","processorName":"org.apache.nifi.processors.twitter.GetTwitter","processorId":"2c9405dd-f5cf-41eb-0000-000000000000","processGroupId":"f31ee9bf-015a-1000-0000-000000000000","processorType":null,"key":"Consumer Key","value":"uT5JYTG2eYoBj0kOxDzIjYjWQ","expressionProperties":null,"propertyDescriptor":{"name":"Consumer Key","displayName":null,"description":null,"defaultValue":null,"allowableValues":null,"required":null,"sensitive":null,"dynamic":null,"supportsEl":null,"identifiesControllerService":null},"templateValue":"","userEditable":true,"renderType":"text","renderOptions":null,"selected":false,"inputProperty":true,"containsConfigurationVariables":false,"templateProperty":null,"idKey":"f31ee9bf-015a-1000-0000-000000000000-2c9405dd-f5cf-41eb-0000-000000000000-Consumer Key","processorNameTypeKey":"org.apache.nifi.processors.twitter.GetTwitter-null-Consumer Key","nameKey":"NiFi Flow-org.apache.nifi.processors.twitter.GetTwitter-Consumer Key"},"idKey":"c9d3eaa9-015b-1000-9b16-bd67b849e559-2c9405dd-f5cf-41eb-0c4c-414a94b58dcc-Consumer Key","processorNameTypeKey":"GetTwitter-org.apache.nifi.processors.twitter.GetTwitter-Consumer Key","nameKey":"google_sentiments-GetTwitter-Consumer Key"},{"processGroupName":"google_sentiments","processorName":"Initialize Feed Parameters","processorId":"3d3a44a0-7365-1c62-5105-673beb18930d","processGroupId":"c9d3eaa9-015b-1000-9b16-bd67b849e559","processorType":"org.apache.nifi.processors.attributes.UpdateAttribute","key":"metadata.table.targetTblProperties","value":"tblproperties(\"orc.compress\"=\"SNAPPY\")","expressionProperties":null,"propertyDescriptor":{"name":"metadata.table.targetTblProperties","displayName":null,"description":null,"defaultValue":null,"allowableValues":null,"required":null,"sensitive":null,"dynamic":null,"supportsEl":null,"identifiesControllerService":null},"templateValue":"${metadata.table.targetTblProperties}","userEditable":false,"renderType":"text","renderOptions":{},"selected":true,"inputProperty":false,"containsConfigurationVariables":false,"templateProperty":{"processGroupName":"NiFi Flow","processorName":"org.apache.nifi.processors.attributes.UpdateAttribute","processorId":"3d3a44a0-7365-1c62-0000-000000000000","processGroupId":"f31ee9bf-015a-1000-0000-000000000000","processorType":null,"key":"metadata.table.targetTblProperties","value":"tblproperties(\"orc.compress\"=\"SNAPPY\")","expressionProperties":null,"propertyDescriptor":{"name":"metadata.table.targetTblProperties","displayName":null,"description":null,"defaultValue":null,"allowableValues":null,"required":null,"sensitive":null,"dynamic":null,"supportsEl":null,"identifiesControllerService":null},"templateValue":"${metadata.table.targetTblProperties}","userEditable":false,"renderType":"text","renderOptions":null,"selected":true,"inputProperty":false,"containsConfigurationVariables":false,"templateProperty":null,"idKey":"f31ee9bf-015a-1000-0000-000000000000-3d3a44a0-7365-1c62-0000-000000000000-metadata.table.targetTblProperties","processorNameTypeKey":"org.apache.nifi.processors.attributes.UpdateAttribute-null-metadata.table.targetTblProperties","nameKey":"NiFi Flow-org.apache.nifi.processors.attributes.UpdateAttribute-metadata.table.targetTblProperties"},"idKey":"c9d3eaa9-015b-1000-9b16-bd67b849e559-3d3a44a0-7365-1c62-5105-673beb18930d-metadata.table.targetTblProperties","processorNameTypeKey":"Initialize Feed Parameters-org.apache.nifi.processors.attributes.UpdateAttribute-metadata.table.targetTblProperties","nameKey":"google_sentiments-Initialize Feed Parameters-metadata.table.targetTblProperties"},{"processGroupName":"google_sentiments","processorName":"Initialize Feed Parameters","processorId":"3d3a44a0-7365-1c62-5105-673beb18930d","processGroupId":"c9d3eaa9-015b-1000-9b16-bd67b849e559","processorType":"org.apache.nifi.processors.attributes.UpdateAttribute","key":"hdfs.ingest.root","value":"${config.hdfs.ingest.root}","expressionProperties":null,"propertyDescriptor":{"name":"hdfs.ingest.root","displayName":null,"description":null,"defaultValue":null,"allowableValues":null,"required":null,"sensitive":null,"dynamic":null,"supportsEl":null,"identifiesControllerService":null},"templateValue":"${config.hdfs.ingest.root}","userEditable":false,"renderType":"text","renderOptions":{},"selected":true,"inputProperty":false,"containsConfigurationVariables":true,"templateProperty":{"processGroupName":"NiFi Flow","processorName":"org.apache.nifi.processors.attributes.UpdateAttribute","processorId":"3d3a44a0-7365-1c62-0000-000000000000","processGroupId":"f31ee9bf-015a-1000-0000-000000000000","processorType":null,"key":"hdfs.ingest.root","value":"/etl","expressionProperties":null,"propertyDescriptor":{"name":"hdfs.ingest.root","displayName":null,"description":null,"defaultValue":null,"allowableValues":null,"required":null,"sensitive":null,"dynamic":null,"supportsEl":null,"identifiesControllerService":null},"templateValue":"${config.hdfs.ingest.root}","userEditable":false,"renderType":"text","renderOptions":null,"selected":true,"inputProperty":false,"containsConfigurationVariables":true,"templateProperty":null,"idKey":"f31ee9bf-015a-1000-0000-000000000000-3d3a44a0-7365-1c62-0000-000000000000-hdfs.ingest.root","processorNameTypeKey":"org.apache.nifi.processors.attributes.UpdateAttribute-null-hdfs.ingest.root","nameKey":"NiFi Flow-org.apache.nifi.processors.attributes.UpdateAttribute-hdfs.ingest.root"},"idKey":"c9d3eaa9-015b-1000-9b16-bd67b849e559-3d3a44a0-7365-1c62-5105-673beb18930d-hdfs.ingest.root","processorNameTypeKey":"Initialize Feed Parameters-org.apache.nifi.processors.attributes.UpdateAttribute-hdfs.ingest.root","nameKey":"google_sentiments-Initialize Feed Parameters-hdfs.ingest.root"},{"processGroupName":"google_sentiments","processorName":"Initialize Feed Parameters","processorId":"3d3a44a0-7365-1c62-5105-673beb18930d","processGroupId":"c9d3eaa9-015b-1000-9b16-bd67b849e559","processorType":"org.apache.nifi.processors.attributes.UpdateAttribute","key":"hive.profile.root","value":"${config.hive.profile.root}","expressionProperties":null,"propertyDescriptor":{"name":"hive.profile.root","displayName":null,"description":null,"defaultValue":null,"allowableValues":null,"required":null,"sensitive":null,"dynamic":null,"supportsEl":null,"identifiesControllerService":null},"templateValue":"${config.hive.profile.root}","userEditable":false,"renderType":"text","renderOptions":{},"selected":true,"inputProperty":false,"containsConfigurationVariables":true,"templateProperty":{"processGroupName":"NiFi Flow","processorName":"org.apache.nifi.processors.attributes.UpdateAttribute","processorId":"3d3a44a0-7365-1c62-0000-000000000000","processGroupId":"f31ee9bf-015a-1000-0000-000000000000","processorType":null,"key":"hive.profile.root","value":"/model.db","expressionProperties":null,"propertyDescriptor":{"name":"hive.profile.root","displayName":null,"description":null,"defaultValue":null,"allowableValues":null,"required":null,"sensitive":null,"dynamic":null,"supportsEl":null,"identifiesControllerService":null},"templateValue":"${config.hive.profile.root}","userEditable":false,"renderType":"text","renderOptions":null,"selected":true,"inputProperty":false,"containsConfigurationVariables":true,"templateProperty":null,"idKey":"f31ee9bf-015a-1000-0000-000000000000-3d3a44a0-7365-1c62-0000-000000000000-hive.profile.root","processorNameTypeKey":"org.apache.nifi.processors.attributes.UpdateAttribute-null-hive.profile.root","nameKey":"NiFi Flow-org.apache.nifi.processors.attributes.UpdateAttribute-hive.profile.root"},"idKey":"c9d3eaa9-015b-1000-9b16-bd67b849e559-3d3a44a0-7365-1c62-5105-673beb18930d-hive.profile.root","processorNameTypeKey":"Initialize Feed Parameters-org.apache.nifi.processors.attributes.UpdateAttribute-hive.profile.root","nameKey":"google_sentiments-Initialize Feed Parameters-hive.profile.root"},{"processGroupName":"google_sentiments","processorName":"GetTwitter","processorId":"2c9405dd-f5cf-41eb-0c4c-414a94b58dcc","processGroupId":"c9d3eaa9-015b-1000-9b16-bd67b849e559","processorType":"org.apache.nifi.processors.twitter.GetTwitter","key":"Access Token Secret","value":"gkbyf7KldwjODHhoapX33HLmSW2EegFXB8Bq0Ms8jsl6I","expressionProperties":null,"propertyDescriptor":{"name":"Access Token Secret","displayName":null,"description":null,"defaultValue":null,"allowableValues":null,"required":null,"sensitive":null,"dynamic":null,"supportsEl":null,"identifiesControllerService":null},"templateValue":null,"userEditable":true,"renderType":"text","renderOptions":{},"selected":false,"inputProperty":true,"containsConfigurationVariables":false,"templateProperty":{"processGroupName":"NiFi Flow","processorName":"org.apache.nifi.processors.twitter.GetTwitter","processorId":"2c9405dd-f5cf-41eb-0000-000000000000","processGroupId":"f31ee9bf-015a-1000-0000-000000000000","processorType":null,"key":"Access Token Secret","value":"gkbyf7KldwjODHhoapX33HLmSW2EegFXB8Bq0Ms8jsl6I","expressionProperties":null,"propertyDescriptor":{"name":"Access Token Secret","displayName":null,"description":null,"defaultValue":null,"allowableValues":null,"required":null,"sensitive":null,"dynamic":null,"supportsEl":null,"identifiesControllerService":null},"templateValue":null,"userEditable":true,"renderType":"text","renderOptions":null,"selected":false,"inputProperty":true,"containsConfigurationVariables":false,"templateProperty":null,"idKey":"f31ee9bf-015a-1000-0000-000000000000-2c9405dd-f5cf-41eb-0000-000000000000-Access Token Secret","processorNameTypeKey":"org.apache.nifi.processors.twitter.GetTwitter-null-Access Token Secret","nameKey":"NiFi Flow-org.apache.nifi.processors.twitter.GetTwitter-Access Token Secret"},"idKey":"c9d3eaa9-015b-1000-9b16-bd67b849e559-2c9405dd-f5cf-41eb-0c4c-414a94b58dcc-Access Token Secret","processorNameTypeKey":"GetTwitter-org.apache.nifi.processors.twitter.GetTwitter-Access Token Secret","nameKey":"google_sentiments-GetTwitter-Access Token Secret"},{"processGroupName":"google_sentiments","processorName":"Initialize Feed Parameters","processorId":"3d3a44a0-7365-1c62-5105-673beb18930d","processGroupId":"c9d3eaa9-015b-1000-9b16-bd67b849e559","processorType":"org.apache.nifi.processors.attributes.UpdateAttribute","key":"metadata.table.fieldPoliciesJson","value":"[{\"profile\":true,\"index\":true,\"fieldName\":\"keyword\",\"feedFieldName\":\"keyword\",\"standardization\":null,\"validation\":null},{\"profile\":true,\"index\":true,\"fieldName\":\"language\",\"feedFieldName\":\"language\",\"standardization\":null,\"validation\":null},{\"profile\":true,\"index\":false,\"fieldName\":\"tweet_id\",\"feedFieldName\":\"tweet_id\",\"standardization\":null,\"validation\":null},{\"profile\":true,\"index\":true,\"fieldName\":\"created_at\",\"feedFieldName\":\"created_at\",\"standardization\":null,\"validation\":null},{\"profile\":true,\"index\":true,\"fieldName\":\"message\",\"feedFieldName\":\"message\",\"standardization\":null,\"validation\":null}]","expressionProperties":null,"propertyDescriptor":{"name":"metadata.table.fieldPoliciesJson","displayName":null,"description":null,"defaultValue":null,"allowableValues":null,"required":null,"sensitive":null,"dynamic":null,"supportsEl":null,"identifiesControllerService":null},"templateValue":"${metadata.table.fieldPoliciesJson}","userEditable":false,"renderType":"text","renderOptions":{},"selected":true,"inputProperty":false,"containsConfigurationVariables":false,"templateProperty":{"processGroupName":"NiFi Flow","processorName":"org.apache.nifi.processors.attributes.UpdateAttribute","processorId":"3d3a44a0-7365-1c62-0000-000000000000","processGroupId":"f31ee9bf-015a-1000-0000-000000000000","processorType":null,"key":"metadata.table.fieldPoliciesJson","value":"[{\"profile\":true,\"index\":true,\"fieldName\":\"keyword\",\"feedFieldName\":\"keyword\",\"standardization\":null,\"validation\":null},{\"profile\":true,\"index\":true,\"fieldName\":\"language\",\"feedFieldName\":\"language\",\"standardization\":null,\"validation\":null},{\"profile\":true,\"index\":false,\"fieldName\":\"tweet_id\",\"feedFieldName\":\"tweet_id\",\"standardization\":null,\"validation\":null},{\"profile\":true,\"index\":true,\"fieldName\":\"created_at\",\"feedFieldName\":\"created_at\",\"standardization\":null,\"validation\":null},{\"profile\":true,\"index\":true,\"fieldName\":\"message\",\"feedFieldName\":\"message\",\"standardization\":null,\"validation\":null}]","expressionProperties":null,"propertyDescriptor":{"name":"metadata.table.fieldPoliciesJson","displayName":null,"description":null,"defaultValue":null,"allowableValues":null,"required":null,"sensitive":null,"dynamic":null,"supportsEl":null,"identifiesControllerService":null},"templateValue":"${metadata.table.fieldPoliciesJson}","userEditable":false,"renderType":"text","renderOptions":null,"selected":true,"inputProperty":false,"containsConfigurationVariables":false,"templateProperty":null,"idKey":"f31ee9bf-015a-1000-0000-000000000000-3d3a44a0-7365-1c62-0000-000000000000-metadata.table.fieldPoliciesJson","processorNameTypeKey":"org.apache.nifi.processors.attributes.UpdateAttribute-null-metadata.table.fieldPoliciesJson","nameKey":"NiFi Flow-org.apache.nifi.processors.attributes.UpdateAttribute-metadata.table.fieldPoliciesJson"},"idKey":"c9d3eaa9-015b-1000-9b16-bd67b849e559-3d3a44a0-7365-1c62-5105-673beb18930d-metadata.table.fieldPoliciesJson","processorNameTypeKey":"Initialize Feed Parameters-org.apache.nifi.processors.attributes.UpdateAttribute-metadata.table.fieldPoliciesJson","nameKey":"google_sentiments-Initialize Feed Parameters-metadata.table.fieldPoliciesJson"},{"processGroupName":"google_sentiments","processorName":"Initialize Feed Parameters","processorId":"3d3a44a0-7365-1c62-5105-673beb18930d","processGroupId":"c9d3eaa9-015b-1000-9b16-bd67b849e559","processorType":"org.apache.nifi.processors.attributes.UpdateAttribute","key":"metadata.table.partitionStructure","value":"","expressionProperties":null,"propertyDescriptor":{"name":"metadata.table.partitionStructure","displayName":null,"description":null,"defaultValue":null,"allowableValues":null,"required":null,"sensitive":null,"dynamic":null,"supportsEl":null,"identifiesControllerService":null},"templateValue":"${metadata.table.partitionStructure}","userEditable":false,"renderType":"text","renderOptions":{},"selected":true,"inputProperty":false,"containsConfigurationVariables":false,"templateProperty":{"processGroupName":"NiFi Flow","processorName":"org.apache.nifi.processors.attributes.UpdateAttribute","processorId":"3d3a44a0-7365-1c62-0000-000000000000","processGroupId":"f31ee9bf-015a-1000-0000-000000000000","processorType":null,"key":"metadata.table.partitionStructure","value":"","expressionProperties":null,"propertyDescriptor":{"name":"metadata.table.partitionStructure","displayName":null,"description":null,"defaultValue":null,"allowableValues":null,"required":null,"sensitive":null,"dynamic":null,"supportsEl":null,"identifiesControllerService":null},"templateValue":"${metadata.table.partitionStructure}","userEditable":false,"renderType":"text","renderOptions":null,"selected":true,"inputProperty":false,"containsConfigurationVariables":false,"templateProperty":null,"idKey":"f31ee9bf-015a-1000-0000-000000000000-3d3a44a0-7365-1c62-0000-000000000000-metadata.table.partitionStructure","processorNameTypeKey":"org.apache.nifi.processors.attributes.UpdateAttribute-null-metadata.table.partitionStructure","nameKey":"NiFi Flow-org.apache.nifi.processors.attributes.UpdateAttribute-metadata.table.partitionStructure"},"idKey":"c9d3eaa9-015b-1000-9b16-bd67b849e559-3d3a44a0-7365-1c62-5105-673beb18930d-metadata.table.partitionStructure","processorNameTypeKey":"Initialize Feed Parameters-org.apache.nifi.processors.attributes.UpdateAttribute-metadata.table.partitionStructure","nameKey":"google_sentiments-Initialize Feed Parameters-metadata.table.partitionStructure"},{"processGroupName":"google_sentiments","processorName":"GetTwitter","processorId":"2c9405dd-f5cf-41eb-0c4c-414a94b58dcc","processGroupId":"c9d3eaa9-015b-1000-9b16-bd67b849e559","processorType":"org.apache.nifi.processors.twitter.GetTwitter","key":"Languages","value":"fr,en","expressionProperties":null,"propertyDescriptor":{"name":"Languages","displayName":null,"description":null,"defaultValue":null,"allowableValues":null,"required":null,"sensitive":null,"dynamic":null,"supportsEl":null,"identifiesControllerService":null},"templateValue":"fr,en","userEditable":true,"renderType":"text","renderOptions":{},"selected":false,"inputProperty":true,"containsConfigurationVariables":false,"templateProperty":{"processGroupName":"NiFi Flow","processorName":"org.apache.nifi.processors.twitter.GetTwitter","processorId":"2c9405dd-f5cf-41eb-0000-000000000000","processGroupId":"f31ee9bf-015a-1000-0000-000000000000","processorType":null,"key":"Languages","value":"fr,en","expressionProperties":null,"propertyDescriptor":{"name":"Languages","displayName":null,"description":null,"defaultValue":null,"allowableValues":null,"required":null,"sensitive":null,"dynamic":null,"supportsEl":null,"identifiesControllerService":null},"templateValue":"fr,en","userEditable":true,"renderType":"text","renderOptions":null,"selected":false,"inputProperty":true,"containsConfigurationVariables":false,"templateProperty":null,"idKey":"f31ee9bf-015a-1000-0000-000000000000-2c9405dd-f5cf-41eb-0000-000000000000-Languages","processorNameTypeKey":"org.apache.nifi.processors.twitter.GetTwitter-null-Languages","nameKey":"NiFi Flow-org.apache.nifi.processors.twitter.GetTwitter-Languages"},"idKey":"c9d3eaa9-015b-1000-9b16-bd67b849e559-2c9405dd-f5cf-41eb-0c4c-414a94b58dcc-Languages","processorNameTypeKey":"GetTwitter-org.apache.nifi.processors.twitter.GetTwitter-Languages","nameKey":"google_sentiments-GetTwitter-Languages"},{"processGroupName":"google_sentiments","processorName":"Initialize Feed Parameters","processorId":"3d3a44a0-7365-1c62-5105-673beb18930d","processGroupId":"c9d3eaa9-015b-1000-9b16-bd67b849e559","processorType":"org.apache.nifi.processors.attributes.UpdateAttribute","key":"metadata.table.partitionSpecs","value":"","expressionProperties":null,"propertyDescriptor":{"name":"metadata.table.partitionSpecs","displayName":null,"description":null,"defaultValue":null,"allowableValues":null,"required":null,"sensitive":null,"dynamic":null,"supportsEl":null,"identifiesControllerService":null},"templateValue":"${metadata.table.partitionSpecs}","userEditable":false,"renderType":"text","renderOptions":{},"selected":true,"inputProperty":false,"containsConfigurationVariables":false,"templateProperty":{"processGroupName":"NiFi Flow","processorName":"org.apache.nifi.processors.attributes.UpdateAttribute","processorId":"3d3a44a0-7365-1c62-0000-000000000000","processGroupId":"f31ee9bf-015a-1000-0000-000000000000","processorType":null,"key":"metadata.table.partitionSpecs","value":"","expressionProperties":null,"propertyDescriptor":{"name":"metadata.table.partitionSpecs","displayName":null,"description":null,"defaultValue":null,"allowableValues":null,"required":null,"sensitive":null,"dynamic":null,"supportsEl":null,"identifiesControllerService":null},"templateValue":"${metadata.table.partitionSpecs}","userEditable":false,"renderType":"text","renderOptions":null,"selected":true,"inputProperty":false,"containsConfigurationVariables":false,"templateProperty":null,"idKey":"f31ee9bf-015a-1000-0000-000000000000-3d3a44a0-7365-1c62-0000-000000000000-metadata.table.partitionSpecs","processorNameTypeKey":"org.apache.nifi.processors.attributes.UpdateAttribute-null-metadata.table.partitionSpecs","nameKey":"NiFi Flow-org.apache.nifi.processors.attributes.UpdateAttribute-metadata.table.partitionSpecs"},"idKey":"c9d3eaa9-015b-1000-9b16-bd67b849e559-3d3a44a0-7365-1c62-5105-673beb18930d-metadata.table.partitionSpecs","processorNameTypeKey":"Initialize Feed Parameters-org.apache.nifi.processors.attributes.UpdateAttribute-metadata.table.partitionSpecs","nameKey":"google_sentiments-Initialize Feed Parameters-metadata.table.partitionSpecs"},{"processGroupName":"google_sentiments","processorName":"Initialize Feed Parameters","processorId":"3d3a44a0-7365-1c62-5105-673beb18930d","processGroupId":"c9d3eaa9-015b-1000-9b16-bd67b849e559","processorType":"org.apache.nifi.processors.attributes.UpdateAttribute","key":"metadata.table.targetFormat","value":"STORED AS ORC","expressionProperties":null,"propertyDescriptor":{"name":"metadata.table.targetFormat","displayName":null,"description":null,"defaultValue":null,"allowableValues":null,"required":null,"sensitive":null,"dynamic":null,"supportsEl":null,"identifiesControllerService":null},"templateValue":"${metadata.table.targetFormat}","userEditable":false,"renderType":"text","renderOptions":{},"selected":true,"inputProperty":false,"containsConfigurationVariables":false,"templateProperty":{"processGroupName":"NiFi Flow","processorName":"org.apache.nifi.processors.attributes.UpdateAttribute","processorId":"3d3a44a0-7365-1c62-0000-000000000000","processGroupId":"f31ee9bf-015a-1000-0000-000000000000","processorType":null,"key":"metadata.table.targetFormat","value":"STORED AS ORC","expressionProperties":null,"propertyDescriptor":{"name":"metadata.table.targetFormat","displayName":null,"description":null,"defaultValue":null,"allowableValues":null,"required":null,"sensitive":null,"dynamic":null,"supportsEl":null,"identifiesControllerService":null},"templateValue":"${metadata.table.targetFormat}","userEditable":false,"renderType":"text","renderOptions":null,"selected":true,"inputProperty":false,"containsConfigurationVariables":false,"templateProperty":null,"idKey":"f31ee9bf-015a-1000-0000-000000000000-3d3a44a0-7365-1c62-0000-000000000000-metadata.table.targetFormat","processorNameTypeKey":"org.apache.nifi.processors.attributes.UpdateAttribute-null-metadata.table.targetFormat","nameKey":"NiFi Flow-org.apache.nifi.processors.attributes.UpdateAttribute-metadata.table.targetFormat"},"idKey":"c9d3eaa9-015b-1000-9b16-bd67b849e559-3d3a44a0-7365-1c62-5105-673beb18930d-metadata.table.targetFormat","processorNameTypeKey":"Initialize Feed Parameters-org.apache.nifi.processors.attributes.UpdateAttribute-metadata.table.targetFormat","nameKey":"google_sentiments-Initialize Feed Parameters-metadata.table.targetFormat"},{"processGroupName":"google_sentiments","processorName":"Initialize Feed Parameters","processorId":"3d3a44a0-7365-1c62-5105-673beb18930d","processGroupId":"c9d3eaa9-015b-1000-9b16-bd67b849e559","processorType":"org.apache.nifi.processors.attributes.UpdateAttribute","key":"hive.ingest.root","value":"${config.hive.ingest.root}","expressionProperties":null,"propertyDescriptor":{"name":"hive.ingest.root","displayName":null,"description":null,"defaultValue":null,"allowableValues":null,"required":null,"sensitive":null,"dynamic":null,"supportsEl":null,"identifiesControllerService":null},"templateValue":"${config.hive.ingest.root}","userEditable":false,"renderType":"text","renderOptions":{},"selected":true,"inputProperty":false,"containsConfigurationVariables":true,"templateProperty":{"processGroupName":"NiFi Flow","processorName":"org.apache.nifi.processors.attributes.UpdateAttribute","processorId":"3d3a44a0-7365-1c62-0000-000000000000","processGroupId":"f31ee9bf-015a-1000-0000-000000000000","processorType":null,"key":"hive.ingest.root","value":"/model.db","expressionProperties":null,"propertyDescriptor":{"name":"hive.ingest.root","displayName":null,"description":null,"defaultValue":null,"allowableValues":null,"required":null,"sensitive":null,"dynamic":null,"supportsEl":null,"identifiesControllerService":null},"templateValue":"${config.hive.ingest.root}","userEditable":false,"renderType":"text","renderOptions":null,"selected":true,"inputProperty":false,"containsConfigurationVariables":true,"templateProperty":null,"idKey":"f31ee9bf-015a-1000-0000-000000000000-3d3a44a0-7365-1c62-0000-000000000000-hive.ingest.root","processorNameTypeKey":"org.apache.nifi.processors.attributes.UpdateAttribute-null-hive.ingest.root","nameKey":"NiFi Flow-org.apache.nifi.processors.attributes.UpdateAttribute-hive.ingest.root"},"idKey":"c9d3eaa9-015b-1000-9b16-bd67b849e559-3d3a44a0-7365-1c62-5105-673beb18930d-hive.ingest.root","processorNameTypeKey":"Initialize Feed Parameters-org.apache.nifi.processors.attributes.UpdateAttribute-hive.ingest.root","nameKey":"google_sentiments-Initialize Feed Parameters-hive.ingest.root"},{"processGroupName":"google_sentiments","processorName":"Initialize Feed Parameters","processorId":"3d3a44a0-7365-1c62-5105-673beb18930d","processGroupId":"c9d3eaa9-015b-1000-9b16-bd67b849e559","processorType":"org.apache.nifi.processors.attributes.UpdateAttribute","key":"metadata.table.targetMergeStrategy","value":"DEDUPE_AND_MERGE","expressionProperties":null,"propertyDescriptor":{"name":"metadata.table.targetMergeStrategy","displayName":null,"description":null,"defaultValue":null,"allowableValues":null,"required":null,"sensitive":null,"dynamic":null,"supportsEl":null,"identifiesControllerService":null},"templateValue":"${metadata.table.targetMergeStrategy}","userEditable":false,"renderType":"text","renderOptions":{},"selected":true,"inputProperty":false,"containsConfigurationVariables":false,"templateProperty":{"processGroupName":"NiFi Flow","processorName":"org.apache.nifi.processors.attributes.UpdateAttribute","processorId":"3d3a44a0-7365-1c62-0000-000000000000","processGroupId":"f31ee9bf-015a-1000-0000-000000000000","processorType":null,"key":"metadata.table.targetMergeStrategy","value":"DEDUPE_AND_MERGE","expressionProperties":null,"propertyDescriptor":{"name":"metadata.table.targetMergeStrategy","displayName":null,"description":null,"defaultValue":null,"allowableValues":null,"required":null,"sensitive":null,"dynamic":null,"supportsEl":null,"identifiesControllerService":null},"templateValue":"${metadata.table.targetMergeStrategy}","userEditable":false,"renderType":"text","renderOptions":null,"selected":true,"inputProperty":false,"containsConfigurationVariables":false,"templateProperty":null,"idKey":"f31ee9bf-015a-1000-0000-000000000000-3d3a44a0-7365-1c62-0000-000000000000-metadata.table.targetMergeStrategy","processorNameTypeKey":"org.apache.nifi.processors.attributes.UpdateAttribute-null-metadata.table.targetMergeStrategy","nameKey":"NiFi Flow-org.apache.nifi.processors.attributes.UpdateAttribute-metadata.table.targetMergeStrategy"},"idKey":"c9d3eaa9-015b-1000-9b16-bd67b849e559-3d3a44a0-7365-1c62-5105-673beb18930d-metadata.table.targetMergeStrategy","processorNameTypeKey":"Initialize Feed Parameters-org.apache.nifi.processors.attributes.UpdateAttribute-metadata.table.targetMergeStrategy","nameKey":"google_sentiments-Initialize Feed Parameters-metadata.table.targetMergeStrategy"}],"schedule":{"schedulingPeriod":"5 sec","schedulingStrategy":"TIMER_DRIVEN","concurrentTasks":1,"preconditions":null},"feedName":"Google sentiments","systemFeedName":"google_sentiments","description":null,"tags":[{"name":"google"},{"name":"new york"},{"name":"stocks"}],"dataOwner":"Think Big","category":{"id":"4929e077-fbeb-4007-a59a-c0bdafaeef00","name":"Demo","systemName":"demo","icon":"account_balance","iconColor":"#66BB6A","description":null,"securityGroups":null,"userFields":null,"userProperties":null,"relatedFeeds":0,"createDate":1493725136453,"updateDate":1493739761775},"table":{"fieldStructure":"keyword|string||0|0|0\nlanguage|string||0|0|0\ntweet_id|string||0|0|0\ncreated_at|string||0|0|0\nmessage|string||0|0|0","existingTableName":null,"tableSchema":{"name":"google_sentiments","description":null,"charset":null,"properties":{},"fields":[{"sampleValues":[],"name":"keyword","description":"","nativeDataType":null,"derivedDataType":"string","primaryKey":false,"nullable":false,"modifiable":true,"dataTypeDescriptor":null,"updatedTracker":false,"precisionScale":null,"createdTracker":false,"dataTypeWithPrecisionAndScale":"string"},{"sampleValues":[],"name":"language","description":"","nativeDataType":null,"derivedDataType":"string","primaryKey":false,"nullable":false,"modifiable":true,"dataTypeDescriptor":null,"updatedTracker":false,"precisionScale":null,"createdTracker":false,"dataTypeWithPrecisionAndScale":"string"},{"sampleValues":[],"name":"tweet_id","description":"","nativeDataType":null,"derivedDataType":"string","primaryKey":false,"nullable":false,"modifiable":true,"dataTypeDescriptor":null,"updatedTracker":false,"precisionScale":null,"createdTracker":false,"dataTypeWithPrecisionAndScale":"string"},{"sampleValues":[],"name":"created_at","description":"","nativeDataType":null,"derivedDataType":"string","primaryKey":false,"nullable":false,"modifiable":true,"dataTypeDescriptor":null,"updatedTracker":false,"precisionScale":null,"createdTracker":false,"dataTypeWithPrecisionAndScale":"string"},{"sampleValues":[],"name":"message","description":"","nativeDataType":null,"derivedDataType":"string","primaryKey":false,"nullable":false,"modifiable":true,"dataTypeDescriptor":null,"updatedTracker":false,"precisionScale":null,"createdTracker":false,"dataTypeWithPrecisionAndScale":"string"}],"schemaName":null,"databaseName":null,"id":"d91d25d9-ad33-4b54-8480-1269e6911ab1"},"sourceTableSchema":{"name":"NA","description":null,"charset":null,"properties":{},"fields":[{"sampleValues":[],"name":"keyword","description":"","nativeDataType":null,"derivedDataType":"string","primaryKey":false,"nullable":false,"modifiable":true,"dataTypeDescriptor":null,"updatedTracker":false,"precisionScale":null,"createdTracker":false,"dataTypeWithPrecisionAndScale":"string"},{"sampleValues":[],"name":"language","description":"","nativeDataType":null,"derivedDataType":"string","primaryKey":false,"nullable":false,"modifiable":true,"dataTypeDescriptor":null,"updatedTracker":false,"precisionScale":null,"createdTracker":false,"dataTypeWithPrecisionAndScale":"string"},{"sampleValues":[],"name":"tweet_id","description":"","nativeDataType":null,"derivedDataType":"string","primaryKey":false,"nullable":false,"modifiable":true,"dataTypeDescriptor":null,"updatedTracker":false,"precisionScale":null,"createdTracker":false,"dataTypeWithPrecisionAndScale":"string"},{"sampleValues":[],"name":"created_at","description":"","nativeDataType":null,"derivedDataType":"string","primaryKey":false,"nullable":false,"modifiable":true,"dataTypeDescriptor":null,"updatedTracker":false,"precisionScale":null,"createdTracker":false,"dataTypeWithPrecisionAndScale":"string"},{"sampleValues":[],"name":"message","description":"","nativeDataType":null,"derivedDataType":"string","primaryKey":false,"nullable":false,"modifiable":true,"dataTypeDescriptor":null,"updatedTracker":false,"precisionScale":null,"createdTracker":false,"dataTypeWithPrecisionAndScale":"string"}],"schemaName":null,"databaseName":null,"id":"c0a4bbca-686d-4834-97bf-fbe86a5da478"},"feedTableSchema":{"name":null,"description":null,"charset":null,"properties":{},"fields":[{"sampleValues":[],"name":"keyword","description":"","nativeDataType":null,"derivedDataType":"string","primaryKey":false,"nullable":false,"modifiable":true,"dataTypeDescriptor":null,"updatedTracker":false,"precisionScale":null,"createdTracker":false,"dataTypeWithPrecisionAndScale":"string"},{"sampleValues":[],"name":"language","description":"","nativeDataType":null,"derivedDataType":"string","primaryKey":false,"nullable":false,"modifiable":true,"dataTypeDescriptor":null,"updatedTracker":false,"precisionScale":null,"createdTracker":false,"dataTypeWithPrecisionAndScale":"string"},{"sampleValues":[],"name":"tweet_id","description":"","nativeDataType":null,"derivedDataType":"string","primaryKey":false,"nullable":false,"modifiable":true,"dataTypeDescriptor":null,"updatedTracker":false,"precisionScale":null,"createdTracker":false,"dataTypeWithPrecisionAndScale":"string"},{"sampleValues":[],"name":"created_at","description":"","nativeDataType":null,"derivedDataType":"string","primaryKey":false,"nullable":false,"modifiable":true,"dataTypeDescriptor":null,"updatedTracker":false,"precisionScale":null,"createdTracker":false,"dataTypeWithPrecisionAndScale":"string"},{"sampleValues":[],"name":"message","description":"","nativeDataType":null,"derivedDataType":"string","primaryKey":false,"nullable":false,"modifiable":true,"dataTypeDescriptor":null,"updatedTracker":false,"precisionScale":null,"createdTracker":false,"dataTypeWithPrecisionAndScale":"string"}],"schemaName":null,"databaseName":null,"id":"e4686310-49a6-47ef-a091-67bd2fb85997"},"method":"MANUAL","description":"","fieldPolicies":[{"profile":true,"index":true,"fieldName":"keyword","feedFieldName":"keyword","standardization":null,"validation":null},{"profile":true,"index":true,"fieldName":"language","feedFieldName":"language","standardization":null,"validation":null},{"profile":true,"index":false,"fieldName":"tweet_id","feedFieldName":"tweet_id","standardization":null,"validation":null},{"profile":true,"index":true,"fieldName":"created_at","feedFieldName":"created_at","standardization":null,"validation":null},{"profile":true,"index":true,"fieldName":"message","feedFieldName":"message","standardization":null,"validation":null}],"partitions":[],"tableType":null,"incrementalDateField":null,"sourceTableIncrementalDateField":null,"options":{"compress":false,"auditLogging":true,"encrypt":false,"trackHistory":false,"compressionFormat":"SNAPPY"},"feedFormat":"ROW FORMAT SERDE 'org.apache.hadoop.hive.serde2.OpenCSVSerde' WITH SERDEPROPERTIES ( 'separatorChar' = ',' ,'escapeChar' = '\\\\' ,'quoteChar' = '\"') STORED AS TEXTFILE","targetFormat":"STORED AS ORC","targetTblProperties":"tblproperties(\"orc.compress\"=\"SNAPPY\")","targetMergeStrategy":"DEDUPE_AND_MERGE","fieldPoliciesJson":"[{\"profile\":true,\"index\":true,\"fieldName\":\"keyword\",\"feedFieldName\":\"keyword\",\"standardization\":null,\"validation\":null},{\"profile\":true,\"index\":true,\"fieldName\":\"language\",\"feedFieldName\":\"language\",\"standardization\":null,\"validation\":null},{\"profile\":true,\"index\":false,\"fieldName\":\"tweet_id\",\"feedFieldName\":\"tweet_id\",\"standardization\":null,\"validation\":null},{\"profile\":true,\"index\":true,\"fieldName\":\"created_at\",\"feedFieldName\":\"created_at\",\"standardization\":null,\"validation\":null},{\"profile\":true,\"index\":true,\"fieldName\":\"message\",\"feedFieldName\":\"message\",\"standardization\":null,\"validation\":null}]","fieldIndexString":"keyword,language,created_at,message","partitionStructure":"","partitionSpecs":"","fieldsString":"keyword\nlanguage\ntweet_id\ncreated_at\nmessage","sourceFields":"keyword\nlanguage\ntweet_id\ncreated_at\nmessage","sourceFieldsCommaString":"keyword,language,tweet_id,created_at,message","feedFieldStructure":"keyword|string||0|0|0\nlanguage|string||0|0|0\ntweet_id|string||0|0|0\ncreated_at|string||0|0|0\nmessage|string||0|0|0","nullableFields":"","primaryKeyFields":""},"createDate":1493739761775,"updateDate":1493739857758,"dataTransformation":{"chartViewModel":null,"dataTransformScript":null,"sql":null,"states":[]},"active":true,"state":"ENABLED","nifiProcessGroupId":"c9d3eaa9-015b-1000-9b16-bd67b849e559","options":{"skipHeader":false},"version":null,"versionName":null,"registeredTemplate":{"properties":[{"processGroupName":"NiFi Flow","processorName":"GetTwitter","processorId":"2c9405dd-f5cf-41eb-0000-000000000000","processGroupId":"f31ee9bf-015a-1000-0000-000000000000","processorType":"org.apache.nifi.processors.twitter.GetTwitter","key":"Access Token","value":"","expressionProperties":null,"propertyDescriptor":{"name":"Access Token","displayName":null,"description":null,"defaultValue":null,"allowableValues":null,"required":null,"sensitive":null,"dynamic":null,"supportsEl":null,"identifiesControllerService":null},"templateValue":"","userEditable":true,"renderType":"text","renderOptions":{},"selected":true,"inputProperty":true,"containsConfigurationVariables":false,"templateProperty":null,"idKey":"f31ee9bf-015a-1000-0000-000000000000-2c9405dd-f5cf-41eb-0000-000000000000-Access Token","processorNameTypeKey":"GetTwitter-org.apache.nifi.processors.twitter.GetTwitter-Access Token","nameKey":"NiFi Flow-GetTwitter-Access Token"},{"processGroupName":"NiFi Flow","processorName":"GetTwitter","processorId":"2c9405dd-f5cf-41eb-0000-000000000000","processGroupId":"f31ee9bf-015a-1000-0000-000000000000","processorType":"org.apache.nifi.processors.twitter.GetTwitter","key":"Access Token Secret","value":null,"expressionProperties":null,"propertyDescriptor":{"name":"Access Token Secret","displayName":null,"description":null,"defaultValue":null,"allowableValues":null,"required":null,"sensitive":null,"dynamic":null,"supportsEl":null,"identifiesControllerService":null},"templateValue":null,"userEditable":true,"renderType":"text","renderOptions":{},"selected":true,"inputProperty":true,"containsConfigurationVariables":false,"templateProperty":null,"idKey":"f31ee9bf-015a-1000-0000-000000000000-2c9405dd-f5cf-41eb-0000-000000000000-Access Token Secret","processorNameTypeKey":"GetTwitter-org.apache.nifi.processors.twitter.GetTwitter-Access Token Secret","nameKey":"NiFi Flow-GetTwitter-Access Token Secret"},{"processGroupName":"NiFi Flow","processorName":"GetTwitter","processorId":"2c9405dd-f5cf-41eb-0000-000000000000","processGroupId":"f31ee9bf-015a-1000-0000-000000000000","processorType":"org.apache.nifi.processors.twitter.GetTwitter","key":"Consumer Key","value":"","expressionProperties":null,"propertyDescriptor":{"name":"Consumer Key","displayName":null,"description":null,"defaultValue":null,"allowableValues":null,"required":null,"sensitive":null,"dynamic":null,"supportsEl":null,"identifiesControllerService":null},"templateValue":"","userEditable":true,"renderType":"text","renderOptions":{},"selected":true,"inputProperty":true,"containsConfigurationVariables":false,"templateProperty":null,"idKey":"f31ee9bf-015a-1000-0000-000000000000-2c9405dd-f5cf-41eb-0000-000000000000-Consumer Key","processorNameTypeKey":"GetTwitter-org.apache.nifi.processors.twitter.GetTwitter-Consumer Key","nameKey":"NiFi Flow-GetTwitter-Consumer Key"},{"processGroupName":"NiFi Flow","processorName":"GetTwitter","processorId":"2c9405dd-f5cf-41eb-0000-000000000000","processGroupId":"f31ee9bf-015a-1000-0000-000000000000","processorType":"org.apache.nifi.processors.twitter.GetTwitter","key":"Consumer Secret","value":null,"expressionProperties":null,"propertyDescriptor":{"name":"Consumer Secret","displayName":null,"description":null,"defaultValue":null,"allowableValues":null,"required":null,"sensitive":null,"dynamic":null,"supportsEl":null,"identifiesControllerService":null},"templateValue":null,"userEditable":true,"renderType":"text","renderOptions":{},"selected":true,"inputProperty":true,"containsConfigurationVariables":false,"templateProperty":null,"idKey":"f31ee9bf-015a-1000-0000-000000000000-2c9405dd-f5cf-41eb-0000-000000000000-Consumer Secret","processorNameTypeKey":"GetTwitter-org.apache.nifi.processors.twitter.GetTwitter-Consumer Secret","nameKey":"NiFi Flow-GetTwitter-Consumer Secret"},{"processGroupName":"NiFi Flow","processorName":"GetTwitter","processorId":"2c9405dd-f5cf-41eb-0000-000000000000","processGroupId":"f31ee9bf-015a-1000-0000-000000000000","processorType":"org.apache.nifi.processors.twitter.GetTwitter","key":"Languages","value":"fr,en","expressionProperties":null,"propertyDescriptor":{"name":"Languages","displayName":null,"description":null,"defaultValue":null,"allowableValues":null,"required":null,"sensitive":null,"dynamic":null,"supportsEl":null,"identifiesControllerService":null},"templateValue":"fr,en","userEditable":true,"renderType":"text","renderOptions":{},"selected":true,"inputProperty":true,"containsConfigurationVariables":false,"templateProperty":null,"idKey":"f31ee9bf-015a-1000-0000-000000000000-2c9405dd-f5cf-41eb-0000-000000000000-Languages","processorNameTypeKey":"GetTwitter-org.apache.nifi.processors.twitter.GetTwitter-Languages","nameKey":"NiFi Flow-GetTwitter-Languages"},{"processGroupName":"NiFi Flow","processorName":"GetTwitter","processorId":"2c9405dd-f5cf-41eb-0000-000000000000","processGroupId":"f31ee9bf-015a-1000-0000-000000000000","processorType":"org.apache.nifi.processors.twitter.GetTwitter","key":"Terms to Filter On","value":null,"expressionProperties":null,"propertyDescriptor":{"name":"Terms to Filter On","displayName":null,"description":null,"defaultValue":null,"allowableValues":null,"required":null,"sensitive":null,"dynamic":null,"supportsEl":null,"identifiesControllerService":null},"templateValue":null,"userEditable":true,"renderType":"text","renderOptions":{},"selected":true,"inputProperty":true,"containsConfigurationVariables":false,"templateProperty":null,"idKey":"f31ee9bf-015a-1000-0000-000000000000-2c9405dd-f5cf-41eb-0000-000000000000-Terms to Filter On","processorNameTypeKey":"GetTwitter-org.apache.nifi.processors.twitter.GetTwitter-Terms to Filter On","nameKey":"NiFi Flow-GetTwitter-Terms to Filter On"},{"processGroupName":"NiFi Flow","processorName":"Initialize Feed Parameters","processorId":"3d3a44a0-7365-1c62-0000-000000000000","processGroupId":"f31ee9bf-015a-1000-0000-000000000000","processorType":"org.apache.nifi.processors.attributes.UpdateAttribute","key":"category","value":"${metadata.category.systemName}","expressionProperties":null,"propertyDescriptor":{"name":"category","displayName":null,"description":null,"defaultValue":null,"allowableValues":null,"required":null,"sensitive":null,"dynamic":null,"supportsEl":null,"identifiesControllerService":null},"templateValue":"${metadata.category.systemName}","userEditable":false,"renderType":"text","renderOptions":{},"selected":true,"inputProperty":false,"containsConfigurationVariables":false,"templateProperty":null,"idKey":"f31ee9bf-015a-1000-0000-000000000000-3d3a44a0-7365-1c62-0000-000000000000-category","processorNameTypeKey":"Initialize Feed Parameters-org.apache.nifi.processors.attributes.UpdateAttribute-category","nameKey":"NiFi Flow-Initialize Feed Parameters-category"},{"processGroupName":"NiFi Flow","processorName":"Initialize Feed Parameters","processorId":"3d3a44a0-7365-1c62-0000-000000000000","processGroupId":"f31ee9bf-015a-1000-0000-000000000000","processorType":"org.apache.nifi.processors.attributes.UpdateAttribute","key":"feed","value":"${metadata.systemFeedName}","expressionProperties":null,"propertyDescriptor":{"name":"feed","displayName":null,"description":null,"defaultValue":null,"allowableValues":null,"required":null,"sensitive":null,"dynamic":null,"supportsEl":null,"identifiesControllerService":null},"templateValue":"${metadata.systemFeedName}","userEditable":false,"renderType":"text","renderOptions":{},"selected":true,"inputProperty":false,"containsConfigurationVariables":false,"templateProperty":null,"idKey":"f31ee9bf-015a-1000-0000-000000000000-3d3a44a0-7365-1c62-0000-000000000000-feed","processorNameTypeKey":"Initialize Feed Parameters-org.apache.nifi.processors.attributes.UpdateAttribute-feed","nameKey":"NiFi Flow-Initialize Feed Parameters-feed"},{"processGroupName":"NiFi Flow","processorName":"Initialize Feed Parameters","processorId":"3d3a44a0-7365-1c62-0000-000000000000","processGroupId":"f31ee9bf-015a-1000-0000-000000000000","processorType":"org.apache.nifi.processors.attributes.UpdateAttribute","key":"hdfs.ingest.root","value":"${config.hdfs.ingest.root}","expressionProperties":null,"propertyDescriptor":{"name":"hdfs.ingest.root","displayName":null,"description":null,"defaultValue":null,"allowableValues":null,"required":null,"sensitive":null,"dynamic":null,"supportsEl":null,"identifiesControllerService":null},"templateValue":"${config.hdfs.ingest.root}","userEditable":false,"renderType":"text","renderOptions":{},"selected":true,"inputProperty":false,"containsConfigurationVariables":false,"templateProperty":null,"idKey":"f31ee9bf-015a-1000-0000-000000000000-3d3a44a0-7365-1c62-0000-000000000000-hdfs.ingest.root","processorNameTypeKey":"Initialize Feed Parameters-org.apache.nifi.processors.attributes.UpdateAttribute-hdfs.ingest.root","nameKey":"NiFi Flow-Initialize Feed Parameters-hdfs.ingest.root"},{"processGroupName":"NiFi Flow","processorName":"Initialize Feed Parameters","processorId":"3d3a44a0-7365-1c62-0000-000000000000","processGroupId":"f31ee9bf-015a-1000-0000-000000000000","processorType":"org.apache.nifi.processors.attributes.UpdateAttribute","key":"hive.ingest.root","value":"${config.hive.ingest.root}","expressionProperties":null,"propertyDescriptor":{"name":"hive.ingest.root","displayName":null,"description":null,"defaultValue":null,"allowableValues":null,"required":null,"sensitive":null,"dynamic":null,"supportsEl":null,"identifiesControllerService":null},"templateValue":"${config.hive.ingest.root}","userEditable":false,"renderType":"text","renderOptions":{},"selected":true,"inputProperty":false,"containsConfigurationVariables":false,"templateProperty":null,"idKey":"f31ee9bf-015a-1000-0000-000000000000-3d3a44a0-7365-1c62-0000-000000000000-hive.ingest.root","processorNameTypeKey":"Initialize Feed Parameters-org.apache.nifi.processors.attributes.UpdateAttribute-hive.ingest.root","nameKey":"NiFi Flow-Initialize Feed Parameters-hive.ingest.root"},{"processGroupName":"NiFi Flow","processorName":"Initialize Feed Parameters","processorId":"3d3a44a0-7365-1c62-0000-000000000000","processGroupId":"f31ee9bf-015a-1000-0000-000000000000","processorType":"org.apache.nifi.processors.attributes.UpdateAttribute","key":"hive.master.root","value":"${config.hive.master.root}","expressionProperties":null,"propertyDescriptor":{"name":"hive.master.root","displayName":null,"description":null,"defaultValue":null,"allowableValues":null,"required":null,"sensitive":null,"dynamic":null,"supportsEl":null,"identifiesControllerService":null},"templateValue":"${config.hive.master.root}","userEditable":false,"renderType":"text","renderOptions":{},"selected":true,"inputProperty":false,"containsConfigurationVariables":false,"templateProperty":null,"idKey":"f31ee9bf-015a-1000-0000-000000000000-3d3a44a0-7365-1c62-0000-000000000000-hive.master.root","processorNameTypeKey":"Initialize Feed Parameters-org.apache.nifi.processors.attributes.UpdateAttribute-hive.master.root","nameKey":"NiFi Flow-Initialize Feed Parameters-hive.master.root"},{"processGroupName":"NiFi Flow","processorName":"Initialize Feed Parameters","processorId":"3d3a44a0-7365-1c62-0000-000000000000","processGroupId":"f31ee9bf-015a-1000-0000-000000000000","processorType":"org.apache.nifi.processors.attributes.UpdateAttribute","key":"hive.profile.root","value":"${config.hive.profile.root}","expressionProperties":null,"propertyDescriptor":{"name":"hive.profile.root","displayName":null,"description":null,"defaultValue":null,"allowableValues":null,"required":null,"sensitive":null,"dynamic":null,"supportsEl":null,"identifiesControllerService":null},"templateValue":"${config.hive.profile.root}","userEditable":false,"renderType":"text","renderOptions":{},"selected":true,"inputProperty":false,"containsConfigurationVariables":false,"templateProperty":null,"idKey":"f31ee9bf-015a-1000-0000-000000000000-3d3a44a0-7365-1c62-0000-000000000000-hive.profile.root","processorNameTypeKey":"Initialize Feed Parameters-org.apache.nifi.processors.attributes.UpdateAttribute-hive.profile.root","nameKey":"NiFi Flow-Initialize Feed Parameters-hive.profile.root"},{"processGroupName":"NiFi Flow","processorName":"Initialize Feed Parameters","processorId":"3d3a44a0-7365-1c62-0000-000000000000","processGroupId":"f31ee9bf-015a-1000-0000-000000000000","processorType":"org.apache.nifi.processors.attributes.UpdateAttribute","key":"keyword","value":"","expressionProperties":null,"propertyDescriptor":{"name":"keyword","displayName":null,"description":null,"defaultValue":null,"allowableValues":null,"required":null,"sensitive":null,"dynamic":null,"supportsEl":null,"identifiesControllerService":null},"templateValue":"","userEditable":true,"renderType":"text","renderOptions":{},"selected":true,"inputProperty":false,"containsConfigurationVariables":false,"templateProperty":null,"idKey":"f31ee9bf-015a-1000-0000-000000000000-3d3a44a0-7365-1c62-0000-000000000000-keyword","processorNameTypeKey":"Initialize Feed Parameters-org.apache.nifi.processors.attributes.UpdateAttribute-keyword","nameKey":"NiFi Flow-Initialize Feed Parameters-keyword"},{"processGroupName":"NiFi Flow","processorName":"Initialize Feed Parameters","processorId":"3d3a44a0-7365-1c62-0000-000000000000","processGroupId":"f31ee9bf-015a-1000-0000-000000000000","processorType":"org.apache.nifi.processors.attributes.UpdateAttribute","key":"metadata.table.feedFieldStructure","value":"${metadata.table.feedFieldStructure}","expressionProperties":null,"propertyDescriptor":{"name":"metadata.table.feedFieldStructure","displayName":null,"description":null,"defaultValue":null,"allowableValues":null,"required":null,"sensitive":null,"dynamic":null,"supportsEl":null,"identifiesControllerService":null},"templateValue":"${metadata.table.feedFieldStructure}","userEditable":false,"renderType":"text","renderOptions":{},"selected":true,"inputProperty":false,"containsConfigurationVariables":false,"templateProperty":null,"idKey":"f31ee9bf-015a-1000-0000-000000000000-3d3a44a0-7365-1c62-0000-000000000000-metadata.table.feedFieldStructure","processorNameTypeKey":"Initialize Feed Parameters-org.apache.nifi.processors.attributes.UpdateAttribute-metadata.table.feedFieldStructure","nameKey":"NiFi Flow-Initialize Feed Parameters-metadata.table.feedFieldStructure"},{"processGroupName":"NiFi Flow","processorName":"Initialize Feed Parameters","processorId":"3d3a44a0-7365-1c62-0000-000000000000","processGroupId":"f31ee9bf-015a-1000-0000-000000000000","processorType":"org.apache.nifi.processors.attributes.UpdateAttribute","key":"metadata.table.feedFormat","value":"${metadata.table.feedFormat}","expressionProperties":null,"propertyDescriptor":{"name":"metadata.table.feedFormat","displayName":null,"description":null,"defaultValue":null,"allowableValues":null,"required":null,"sensitive":null,"dynamic":null,"supportsEl":null,"identifiesControllerService":null},"templateValue":"${metadata.table.feedFormat}","userEditable":false,"renderType":"text","renderOptions":{},"selected":true,"inputProperty":false,"containsConfigurationVariables":false,"templateProperty":null,"idKey":"f31ee9bf-015a-1000-0000-000000000000-3d3a44a0-7365-1c62-0000-000000000000-metadata.table.feedFormat","processorNameTypeKey":"Initialize Feed Parameters-org.apache.nifi.processors.attributes.UpdateAttribute-metadata.table.feedFormat","nameKey":"NiFi Flow-Initialize Feed Parameters-metadata.table.feedFormat"},{"processGroupName":"NiFi Flow","processorName":"Initialize Feed Parameters","processorId":"3d3a44a0-7365-1c62-0000-000000000000","processGroupId":"f31ee9bf-015a-1000-0000-000000000000","processorType":"org.apache.nifi.processors.attributes.UpdateAttribute","key":"metadata.table.fieldIndexString","value":"${metadata.table.fieldIndexString}","expressionProperties":null,"propertyDescriptor":{"name":"metadata.table.fieldIndexString","displayName":null,"description":null,"defaultValue":null,"allowableValues":null,"required":null,"sensitive":null,"dynamic":null,"supportsEl":null,"identifiesControllerService":null},"templateValue":"${metadata.table.fieldIndexString}","userEditable":false,"renderType":"text","renderOptions":{},"selected":true,"inputProperty":false,"containsConfigurationVariables":false,"templateProperty":null,"idKey":"f31ee9bf-015a-1000-0000-000000000000-3d3a44a0-7365-1c62-0000-000000000000-metadata.table.fieldIndexString","processorNameTypeKey":"Initialize Feed Parameters-org.apache.nifi.processors.attributes.UpdateAttribute-metadata.table.fieldIndexString","nameKey":"NiFi Flow-Initialize Feed Parameters-metadata.table.fieldIndexString"},{"processGroupName":"NiFi Flow","processorName":"Initialize Feed Parameters","processorId":"3d3a44a0-7365-1c62-0000-000000000000","processGroupId":"f31ee9bf-015a-1000-0000-000000000000","processorType":"org.apache.nifi.processors.attributes.UpdateAttribute","key":"metadata.table.fieldPoliciesJson","value":"${metadata.table.fieldPoliciesJson}","expressionProperties":null,"propertyDescriptor":{"name":"metadata.table.fieldPoliciesJson","displayName":null,"description":null,"defaultValue":null,"allowableValues":null,"required":null,"sensitive":null,"dynamic":null,"supportsEl":null,"identifiesControllerService":null},"templateValue":"${metadata.table.fieldPoliciesJson}","userEditable":false,"renderType":"text","renderOptions":{},"selected":true,"inputProperty":false,"containsConfigurationVariables":false,"templateProperty":null,"idKey":"f31ee9bf-015a-1000-0000-000000000000-3d3a44a0-7365-1c62-0000-000000000000-metadata.table.fieldPoliciesJson","processorNameTypeKey":"Initialize Feed Parameters-org.apache.nifi.processors.attributes.UpdateAttribute-metadata.table.fieldPoliciesJson","nameKey":"NiFi Flow-Initialize Feed Parameters-metadata.table.fieldPoliciesJson"},{"processGroupName":"NiFi Flow","processorName":"Initialize Feed Parameters","processorId":"3d3a44a0-7365-1c62-0000-000000000000","processGroupId":"f31ee9bf-015a-1000-0000-000000000000","processorType":"org.apache.nifi.processors.attributes.UpdateAttribute","key":"metadata.table.fieldStructure","value":"${metadata.table.fieldStructure}","expressionProperties":null,"propertyDescriptor":{"name":"metadata.table.fieldStructure","displayName":null,"description":null,"defaultValue":null,"allowableValues":null,"required":null,"sensitive":null,"dynamic":null,"supportsEl":null,"identifiesControllerService":null},"templateValue":"${metadata.table.fieldStructure}","userEditable":false,"renderType":"text","renderOptions":{},"selected":true,"inputProperty":false,"containsConfigurationVariables":false,"templateProperty":null,"idKey":"f31ee9bf-015a-1000-0000-000000000000-3d3a44a0-7365-1c62-0000-000000000000-metadata.table.fieldStructure","processorNameTypeKey":"Initialize Feed Parameters-org.apache.nifi.processors.attributes.UpdateAttribute-metadata.table.fieldStructure","nameKey":"NiFi Flow-Initialize Feed Parameters-metadata.table.fieldStructure"},{"processGroupName":"NiFi Flow","processorName":"Initialize Feed Parameters","processorId":"3d3a44a0-7365-1c62-0000-000000000000","processGroupId":"f31ee9bf-015a-1000-0000-000000000000","processorType":"org.apache.nifi.processors.attributes.UpdateAttribute","key":"metadata.table.partitionSpecs","value":"${metadata.table.partitionSpecs}","expressionProperties":null,"propertyDescriptor":{"name":"metadata.table.partitionSpecs","displayName":null,"description":null,"defaultValue":null,"allowableValues":null,"required":null,"sensitive":null,"dynamic":null,"supportsEl":null,"identifiesControllerService":null},"templateValue":"${metadata.table.partitionSpecs}","userEditable":false,"renderType":"text","renderOptions":{},"selected":true,"inputProperty":false,"containsConfigurationVariables":false,"templateProperty":null,"idKey":"f31ee9bf-015a-1000-0000-000000000000-3d3a44a0-7365-1c62-0000-000000000000-metadata.table.partitionSpecs","processorNameTypeKey":"Initialize Feed Parameters-org.apache.nifi.processors.attributes.UpdateAttribute-metadata.table.partitionSpecs","nameKey":"NiFi Flow-Initialize Feed Parameters-metadata.table.partitionSpecs"},{"processGroupName":"NiFi Flow","processorName":"Initialize Feed Parameters","processorId":"3d3a44a0-7365-1c62-0000-000000000000","processGroupId":"f31ee9bf-015a-1000-0000-000000000000","processorType":"org.apache.nifi.processors.attributes.UpdateAttribute","key":"metadata.table.partitionStructure","value":"${metadata.table.partitionStructure}","expressionProperties":null,"propertyDescriptor":{"name":"metadata.table.partitionStructure","displayName":null,"description":null,"defaultValue":null,"allowableValues":null,"required":null,"sensitive":null,"dynamic":null,"supportsEl":null,"identifiesControllerService":null},"templateValue":"${metadata.table.partitionStructure}","userEditable":false,"renderType":"text","renderOptions":{},"selected":true,"inputProperty":false,"containsConfigurationVariables":false,"templateProperty":null,"idKey":"f31ee9bf-015a-1000-0000-000000000000-3d3a44a0-7365-1c62-0000-000000000000-metadata.table.partitionStructure","processorNameTypeKey":"Initialize Feed Parameters-org.apache.nifi.processors.attributes.UpdateAttribute-metadata.table.partitionStructure","nameKey":"NiFi Flow-Initialize Feed Parameters-metadata.table.partitionStructure"},{"processGroupName":"NiFi Flow","processorName":"Initialize Feed Parameters","processorId":"3d3a44a0-7365-1c62-0000-000000000000","processGroupId":"f31ee9bf-015a-1000-0000-000000000000","processorType":"org.apache.nifi.processors.attributes.UpdateAttribute","key":"metadata.table.targetFormat","value":"${metadata.table.targetFormat}","expressionProperties":null,"propertyDescriptor":{"name":"metadata.table.targetFormat","displayName":null,"description":null,"defaultValue":null,"allowableValues":null,"required":null,"sensitive":null,"dynamic":null,"supportsEl":null,"identifiesControllerService":null},"templateValue":"${metadata.table.targetFormat}","userEditable":false,"renderType":"text","renderOptions":{},"selected":true,"inputProperty":false,"containsConfigurationVariables":false,"templateProperty":null,"idKey":"f31ee9bf-015a-1000-0000-000000000000-3d3a44a0-7365-1c62-0000-000000000000-metadata.table.targetFormat","processorNameTypeKey":"Initialize Feed Parameters-org.apache.nifi.processors.attributes.UpdateAttribute-metadata.table.targetFormat","nameKey":"NiFi Flow-Initialize Feed Parameters-metadata.table.targetFormat"},{"processGroupName":"NiFi Flow","processorName":"Initialize Feed Parameters","processorId":"3d3a44a0-7365-1c62-0000-000000000000","processGroupId":"f31ee9bf-015a-1000-0000-000000000000","processorType":"org.apache.nifi.processors.attributes.UpdateAttribute","key":"metadata.table.targetMergeStrategy","value":"${metadata.table.targetMergeStrategy}","expressionProperties":null,"propertyDescriptor":{"name":"metadata.table.targetMergeStrategy","displayName":null,"description":null,"defaultValue":null,"allowableValues":null,"required":null,"sensitive":null,"dynamic":null,"supportsEl":null,"identifiesControllerService":null},"templateValue":"${metadata.table.targetMergeStrategy}","userEditable":false,"renderType":"text","renderOptions":{},"selected":true,"inputProperty":false,"containsConfigurationVariables":false,"templateProperty":null,"idKey":"f31ee9bf-015a-1000-0000-000000000000-3d3a44a0-7365-1c62-0000-000000000000-metadata.table.targetMergeStrategy","processorNameTypeKey":"Initialize Feed Parameters-org.apache.nifi.processors.attributes.UpdateAttribute-metadata.table.targetMergeStrategy","nameKey":"NiFi Flow-Initialize Feed Parameters-metadata.table.targetMergeStrategy"},{"processGroupName":"NiFi Flow","processorName":"Initialize Feed Parameters","processorId":"3d3a44a0-7365-1c62-0000-000000000000","processGroupId":"f31ee9bf-015a-1000-0000-000000000000","processorType":"org.apache.nifi.processors.attributes.UpdateAttribute","key":"metadata.table.targetTblProperties","value":"${metadata.table.targetTblProperties}","expressionProperties":null,"propertyDescriptor":{"name":"metadata.table.targetTblProperties","displayName":null,"description":null,"defaultValue":null,"allowableValues":null,"required":null,"sensitive":null,"dynamic":null,"supportsEl":null,"identifiesControllerService":null},"templateValue":"${metadata.table.targetTblProperties}","userEditable":false,"renderType":"text","renderOptions":{},"selected":true,"inputProperty":false,"containsConfigurationVariables":false,"templateProperty":null,"idKey":"f31ee9bf-015a-1000-0000-000000000000-3d3a44a0-7365-1c62-0000-000000000000-metadata.table.targetTblProperties","processorNameTypeKey":"Initialize Feed Parameters-org.apache.nifi.processors.attributes.UpdateAttribute-metadata.table.targetTblProperties","nameKey":"NiFi Flow-Initialize Feed Parameters-metadata.table.targetTblProperties"},{"processGroupName":"NiFi Flow","processorName":"Initialize Feed Parameters","processorId":"3d3a44a0-7365-1c62-0000-000000000000","processGroupId":"f31ee9bf-015a-1000-0000-000000000000","processorType":"org.apache.nifi.processors.attributes.UpdateAttribute","key":"skipHeader","value":"${metadata.options.skipHeader}","expressionProperties":null,"propertyDescriptor":{"name":"skipHeader","displayName":null,"description":null,"defaultValue":null,"allowableValues":null,"required":null,"sensitive":null,"dynamic":null,"supportsEl":null,"identifiesControllerService":null},"templateValue":"${metadata.options.skipHeader}","userEditable":false,"renderType":"text","renderOptions":{},"selected":true,"inputProperty":false,"containsConfigurationVariables":false,"templateProperty":null,"idKey":"f31ee9bf-015a-1000-0000-000000000000-3d3a44a0-7365-1c62-0000-000000000000-skipHeader","processorNameTypeKey":"Initialize Feed Parameters-org.apache.nifi.processors.attributes.UpdateAttribute-skipHeader","nameKey":"NiFi Flow-Initialize Feed Parameters-skipHeader"}],"nonInputProcessors":null,"inputProcessors":[{"properties":[{"processGroupName":"NiFi Flow","processorName":"GetTwitter","processorId":"2c9405dd-f5cf-41eb-0000-000000000000","processGroupId":"f31ee9bf-015a-1000-0000-000000000000","processorType":"org.apache.nifi.processors.twitter.GetTwitter","key":"Access Token","value":"","expressionProperties":null,"propertyDescriptor":{"name":"Access Token","displayName":null,"description":null,"defaultValue":null,"allowableValues":null,"required":null,"sensitive":null,"dynamic":null,"supportsEl":null,"identifiesControllerService":null},"templateValue":"","userEditable":true,"renderType":"text","renderOptions":{},"selected":true,"inputProperty":true,"containsConfigurationVariables":false,"templateProperty":null,"idKey":"f31ee9bf-015a-1000-0000-000000000000-2c9405dd-f5cf-41eb-0000-000000000000-Access Token","processorNameTypeKey":"GetTwitter-org.apache.nifi.processors.twitter.GetTwitter-Access Token","nameKey":"NiFi Flow-GetTwitter-Access Token"},{"processGroupName":"NiFi Flow","processorName":"GetTwitter","processorId":"2c9405dd-f5cf-41eb-0000-000000000000","processGroupId":"f31ee9bf-015a-1000-0000-000000000000","processorType":"org.apache.nifi.processors.twitter.GetTwitter","key":"Access Token Secret","value":null,"expressionProperties":null,"propertyDescriptor":{"name":"Access Token Secret","displayName":null,"description":null,"defaultValue":null,"allowableValues":null,"required":null,"sensitive":null,"dynamic":null,"supportsEl":null,"identifiesControllerService":null},"templateValue":null,"userEditable":true,"renderType":"text","renderOptions":{},"selected":true,"inputProperty":true,"containsConfigurationVariables":false,"templateProperty":null,"idKey":"f31ee9bf-015a-1000-0000-000000000000-2c9405dd-f5cf-41eb-0000-000000000000-Access Token Secret","processorNameTypeKey":"GetTwitter-org.apache.nifi.processors.twitter.GetTwitter-Access Token Secret","nameKey":"NiFi Flow-GetTwitter-Access Token Secret"},{"processGroupName":"NiFi Flow","processorName":"GetTwitter","processorId":"2c9405dd-f5cf-41eb-0000-000000000000","processGroupId":"f31ee9bf-015a-1000-0000-000000000000","processorType":"org.apache.nifi.processors.twitter.GetTwitter","key":"Consumer Key","value":"","expressionProperties":null,"propertyDescriptor":{"name":"Consumer Key","displayName":null,"description":null,"defaultValue":null,"allowableValues":null,"required":null,"sensitive":null,"dynamic":null,"supportsEl":null,"identifiesControllerService":null},"templateValue":"","userEditable":true,"renderType":"text","renderOptions":{},"selected":true,"inputProperty":true,"containsConfigurationVariables":false,"templateProperty":null,"idKey":"f31ee9bf-015a-1000-0000-000000000000-2c9405dd-f5cf-41eb-0000-000000000000-Consumer Key","processorNameTypeKey":"GetTwitter-org.apache.nifi.processors.twitter.GetTwitter-Consumer Key","nameKey":"NiFi Flow-GetTwitter-Consumer Key"},{"processGroupName":"NiFi Flow","processorName":"GetTwitter","processorId":"2c9405dd-f5cf-41eb-0000-000000000000","processGroupId":"f31ee9bf-015a-1000-0000-000000000000","processorType":"org.apache.nifi.processors.twitter.GetTwitter","key":"Consumer Secret","value":null,"expressionProperties":null,"propertyDescriptor":{"name":"Consumer Secret","displayName":null,"description":null,"defaultValue":null,"allowableValues":null,"required":null,"sensitive":null,"dynamic":null,"supportsEl":null,"identifiesControllerService":null},"templateValue":null,"userEditable":true,"renderType":"text","renderOptions":{},"selected":true,"inputProperty":true,"containsConfigurationVariables":false,"templateProperty":null,"idKey":"f31ee9bf-015a-1000-0000-000000000000-2c9405dd-f5cf-41eb-0000-000000000000-Consumer Secret","processorNameTypeKey":"GetTwitter-org.apache.nifi.processors.twitter.GetTwitter-Consumer Secret","nameKey":"NiFi Flow-GetTwitter-Consumer Secret"},{"processGroupName":"NiFi Flow","processorName":"GetTwitter","processorId":"2c9405dd-f5cf-41eb-0000-000000000000","processGroupId":"f31ee9bf-015a-1000-0000-000000000000","processorType":"org.apache.nifi.processors.twitter.GetTwitter","key":"Languages","value":"fr,en","expressionProperties":null,"propertyDescriptor":{"name":"Languages","displayName":null,"description":null,"defaultValue":null,"allowableValues":null,"required":null,"sensitive":null,"dynamic":null,"supportsEl":null,"identifiesControllerService":null},"templateValue":"fr,en","userEditable":true,"renderType":"text","renderOptions":{},"selected":true,"inputProperty":true,"containsConfigurationVariables":false,"templateProperty":null,"idKey":"f31ee9bf-015a-1000-0000-000000000000-2c9405dd-f5cf-41eb-0000-000000000000-Languages","processorNameTypeKey":"GetTwitter-org.apache.nifi.processors.twitter.GetTwitter-Languages","nameKey":"NiFi Flow-GetTwitter-Languages"},{"processGroupName":"NiFi Flow","processorName":"GetTwitter","processorId":"2c9405dd-f5cf-41eb-0000-000000000000","processGroupId":"f31ee9bf-015a-1000-0000-000000000000","processorType":"org.apache.nifi.processors.twitter.GetTwitter","key":"Terms to Filter On","value":null,"expressionProperties":null,"propertyDescriptor":{"name":"Terms to Filter On","displayName":null,"description":null,"defaultValue":null,"allowableValues":null,"required":null,"sensitive":null,"dynamic":null,"supportsEl":null,"identifiesControllerService":null},"templateValue":null,"userEditable":true,"renderType":"text","renderOptions":{},"selected":true,"inputProperty":true,"containsConfigurationVariables":false,"templateProperty":null,"idKey":"f31ee9bf-015a-1000-0000-000000000000-2c9405dd-f5cf-41eb-0000-000000000000-Terms to Filter On","processorNameTypeKey":"GetTwitter-org.apache.nifi.processors.twitter.GetTwitter-Terms to Filter On","nameKey":"NiFi Flow-GetTwitter-Terms to Filter On"}],"type":"org.apache.nifi.processors.twitter.GetTwitter","name":"GetTwitter","id":"2c9405dd-f5cf-41eb-0000-000000000000","groupName":"NiFi Flow","groupId":"f31ee9bf-015a-1000-0000-000000000000","inputProcessor":true,"userDefinedInputProcessor":false}],"id":"c7fce65a-9bed-4038-815c-a2ba0c62430f","nifiTemplateId":"1153a4d4-64f2-4126-8d2f-d25fdb318b89","templateName":"Demo Twitter","updateDate":1493739761775,"createDate":1493739158488,"icon":"twitter","iconColor":"#FF5252","description":null,"state":"ENABLED","defineTable":true,"reusableTemplate":false,"reusableTemplateConnections":[{"feedOutputPortName":"output-twitter","reusableTemplateInputPortName":"standard-ingest","inputPortDisplayName":"standard-ingest"}],"registeredDatasourceDefinitions":[{"processorType":"org.apache.nifi.processors.standard.PutFile","processorName":"Failed Flow","processorId":"2b1f1ef0-4e08-1bd6-38d9-05d2e207981e","datasourceDefinition":{"processorType":"org.apache.nifi.processors.standard.PutFile","connectionType":"DESTINATION","datasourcePropertyKeys":["Directory"],"datasourceType":"DirectoryDatasource","identityString":"${Directory}","description":null,"title":"${Directory}"}},{"processorType":"org.apache.nifi.processors.hadoop.PutHDFS","processorName":"Archive Originals","processorId":"2b1f1ef0-4e0d-1bd6-1126-538a2adbe290","datasourceDefinition":{"processorType":"org.apache.nifi.processors.hadoop.PutHDFS","connectionType":"DESTINATION","datasourcePropertyKeys":["Directory"],"datasourceType":"HDFSDatasource","identityString":"${Directory}","description":null,"title":"${Directory}"}},{"processorType":"com.thinkbiganalytics.nifi.v2.ingest.MergeTable","processorName":"Merge Table","processorId":"2b1f1ef0-4e13-1bd6-ea50-9c33dd3bc0f1","datasourceDefinition":{"processorType":"com.thinkbiganalytics.nifi.v2.ingest.MergeTable","connectionType":"DESTINATION","datasourcePropertyKeys":["Target schema","Target table"],"datasourceType":"HiveDatasource","identityString":"${Target schema}.${Target table}","description":null,"title":"${Target schema}.${Target table}"}},{"processorType":"org.apache.nifi.processors.hadoop.PutHDFS","processorName":"Upload to HDFS","processorId":"2b1f1ef0-4e14-1bd6-5d15-90cdd8e0793b","datasourceDefinition":{"processorType":"org.apache.nifi.processors.hadoop.PutHDFS","connectionType":"DESTINATION","datasourcePropertyKeys":["Directory"],"datasourceType":"HDFSDatasource","identityString":"${Directory}","description":null,"title":"${Directory}"}}],"order":1,"templateOrder":null,"feedsCount":1,"stream":true,"allowPreconditions":false,"dataTransformation":false,"isStream":true},"userProperties":[],"hadoopSecurityGroups":null,"hadoopAuthorizationType":null,"securityGroups":[],"usedByFeeds":[],"categoryId":"4929e077-fbeb-4007-a59a-c0bdafaeef00","categoryIcon":"account_balance","categoryIconColor":"#66BB6A","new":false,"categoryAndFeedDisplayName":"Demo.Google sentiments","categoryName":"Demo","systemCategoryName":"demo","reusableFeed":false}