<?xml version="1.0" ?>
<template encoding-version="1.0">
  <description></description>
  <groupId>f31ee9bf-015a-1000-f41e-6c938477de44</groupId>
  <name>Demo Twitter</name>
  <snippet>
    <connections>
      <id>8554ca84-cc2a-4ad2-0000-000000000000</id>
      <parentGroupId>f31ee9bf-015a-1000-0000-000000000000</parentGroupId>
      <backPressureDataSizeThreshold>0 MB</backPressureDataSizeThreshold>
      <backPressureObjectThreshold>0</backPressureObjectThreshold>
      <destination>
        <groupId>f31ee9bf-015a-1000-0000-000000000000</groupId>
        <id>d0e55145-6505-48ec-0000-000000000000</id>
        <type>PROCESSOR</type>
      </destination>
      <flowFileExpiration>0 sec</flowFileExpiration>
      <labelIndex>1</labelIndex>
      <name></name>
      <selectedRelationships>matched</selectedRelationships>
      <source>
        <groupId>f31ee9bf-015a-1000-0000-000000000000</groupId>
        <id>3ee301f8-d1b6-4d09-0000-000000000000</id>
        <type>PROCESSOR</type>
      </source>
      <zIndex>0</zIndex>
    </connections>
    <connections>
      <id>865fcabf-5b5c-4e2e-0000-000000000000</id>
      <parentGroupId>f31ee9bf-015a-1000-0000-000000000000</parentGroupId>
      <backPressureDataSizeThreshold>0 MB</backPressureDataSizeThreshold>
      <backPressureObjectThreshold>0</backPressureObjectThreshold>
      <destination>
        <groupId>f31ee9bf-015a-1000-0000-000000000000</groupId>
        <id>d3c85c30-7a66-4351-0000-000000000000</id>
        <type>PROCESSOR</type>
      </destination>
      <flowFileExpiration>0 sec</flowFileExpiration>
      <labelIndex>1</labelIndex>
      <name></name>
      <selectedRelationships>tweet</selectedRelationships>
      <source>
        <groupId>f31ee9bf-015a-1000-0000-000000000000</groupId>
        <id>d0e55145-6505-48ec-0000-000000000000</id>
        <type>PROCESSOR</type>
      </source>
      <zIndex>0</zIndex>
    </connections>
    <connections>
      <id>3d3a44a5-7365-1c62-0000-000000000000</id>
      <parentGroupId>f31ee9bf-015a-1000-0000-000000000000</parentGroupId>
      <backPressureDataSizeThreshold>1 GB</backPressureDataSizeThreshold>
      <backPressureObjectThreshold>10000</backPressureObjectThreshold>
      <destination>
        <groupId>f31ee9bf-015a-1000-0000-000000000000</groupId>
        <id>3d3a44a0-7365-1c62-0000-000000000000</id>
        <type>PROCESSOR</type>
      </destination>
      <flowFileExpiration>0 sec</flowFileExpiration>
      <labelIndex>1</labelIndex>
      <name></name>
      <selectedRelationships>success</selectedRelationships>
      <source>
        <groupId>f31ee9bf-015a-1000-0000-000000000000</groupId>
        <id>2c9405dd-f5cf-41eb-0000-000000000000</id>
        <type>PROCESSOR</type>
      </source>
      <zIndex>0</zIndex>
    </connections>
    <connections>
      <id>3d3a44a6-7365-1c62-0000-000000000000</id>
      <parentGroupId>f31ee9bf-015a-1000-0000-000000000000</parentGroupId>
      <backPressureDataSizeThreshold>1 GB</backPressureDataSizeThreshold>
      <backPressureObjectThreshold>10000</backPressureObjectThreshold>
      <destination>
        <groupId>f31ee9bf-015a-1000-0000-000000000000</groupId>
        <id>3ee301f8-d1b6-4d09-0000-000000000000</id>
        <type>PROCESSOR</type>
      </destination>
      <flowFileExpiration>0 sec</flowFileExpiration>
      <labelIndex>1</labelIndex>
      <name></name>
      <selectedRelationships>success</selectedRelationships>
      <source>
        <groupId>f31ee9bf-015a-1000-0000-000000000000</groupId>
        <id>3d3a44a0-7365-1c62-0000-000000000000</id>
        <type>PROCESSOR</type>
      </source>
      <zIndex>0</zIndex>
    </connections>
    <connections>
      <id>3d3a44a7-7365-1c62-0000-000000000000</id>
      <parentGroupId>f31ee9bf-015a-1000-0000-000000000000</parentGroupId>
      <backPressureDataSizeThreshold>1 GB</backPressureDataSizeThreshold>
      <backPressureObjectThreshold>10000</backPressureObjectThreshold>
      <destination>
        <groupId>f31ee9bf-015a-1000-0000-000000000000</groupId>
        <id>a643e1a0-015b-1000-0000-000000000000</id>
        <type>OUTPUT_PORT</type>
      </destination>
      <flowFileExpiration>0 sec</flowFileExpiration>
      <labelIndex>1</labelIndex>
      <name></name>
      <selectedRelationships>success</selectedRelationships>
      <source>
        <groupId>f31ee9bf-015a-1000-0000-000000000000</groupId>
        <id>d3c85c30-7a66-4351-0000-000000000000</id>
        <type>PROCESSOR</type>
      </source>
      <zIndex>0</zIndex>
    </connections>
    <outputPorts>
      <id>a643e1a0-015b-1000-0000-000000000000</id>
      <parentGroupId>f31ee9bf-015a-1000-0000-000000000000</parentGroupId>
      <position>
        <x>1127.3070889696667</x>
        <y>670.286765769676</y>
      </position>
      <comments></comments>
      <concurrentlySchedulableTaskCount>1</concurrentlySchedulableTaskCount>
      <name>output-twitter</name>
      <state>STOPPED</state>
      <transmitting>false</transmitting>
      <type>OUTPUT_PORT</type>
    </outputPorts>
    <processors>
      <id>d0e55145-6505-48ec-0000-000000000000</id>
      <parentGroupId>f31ee9bf-015a-1000-0000-000000000000</parentGroupId>
      <position>
        <x>0.0</x>
        <y>646.3788655853276</y>
      </position>
      <config>
        <bulletinLevel>WARN</bulletinLevel>
        <comments></comments>
        <concurrentlySchedulableTaskCount>2</concurrentlySchedulableTaskCount>
        <descriptors>
          <entry>
            <key>Routing Strategy</key>
            <value>
              <name>Routing Strategy</name>
            </value>
          </entry>
          <entry>
            <key>tweet</key>
            <value>
              <name>tweet</name>
            </value>
          </entry>
        </descriptors>
        <lossTolerant>false</lossTolerant>
        <penaltyDuration>30 sec</penaltyDuration>
        <properties>
          <entry>
            <key>Routing Strategy</key>
            <value>Route to Property name</value>
          </entry>
          <entry>
            <key>tweet</key>
            <value>${message:isEmpty():not()}</value>
          </entry>
        </properties>
        <runDurationMillis>25</runDurationMillis>
        <schedulingPeriod>0 sec</schedulingPeriod>
        <schedulingStrategy>TIMER_DRIVEN</schedulingStrategy>
        <yieldDuration>1 sec</yieldDuration>
      </config>
      <name>Find only Tweets</name>
      <relationships>
        <autoTerminate>false</autoTerminate>
        <name>tweet</name>
      </relationships>
      <relationships>
        <autoTerminate>true</autoTerminate>
        <name>unmatched</name>
      </relationships>
      <style></style>
      <type>org.apache.nifi.processors.standard.RouteOnAttribute</type>
    </processors>
    <processors>
      <id>d3c85c30-7a66-4351-0000-000000000000</id>
      <parentGroupId>f31ee9bf-015a-1000-0000-000000000000</parentGroupId>
      <position>
        <x>585.8111216573279</x>
        <y>645.0991141059402</y>
      </position>
      <config>
        <bulletinLevel>WARN</bulletinLevel>
        <comments></comments>
        <concurrentlySchedulableTaskCount>1</concurrentlySchedulableTaskCount>
        <descriptors>
          <entry>
            <key>Regular Expression</key>
            <value>
              <name>Regular Expression</name>
            </value>
          </entry>
          <entry>
            <key>Replacement Value</key>
            <value>
              <name>Replacement Value</name>
            </value>
          </entry>
          <entry>
            <key>Character Set</key>
            <value>
              <name>Character Set</name>
            </value>
          </entry>
          <entry>
            <key>Maximum Buffer Size</key>
            <value>
              <name>Maximum Buffer Size</name>
            </value>
          </entry>
          <entry>
            <key>Replacement Strategy</key>
            <value>
              <name>Replacement Strategy</name>
            </value>
          </entry>
          <entry>
            <key>Evaluation Mode</key>
            <value>
              <name>Evaluation Mode</name>
            </value>
          </entry>
        </descriptors>
        <lossTolerant>false</lossTolerant>
        <penaltyDuration>30 sec</penaltyDuration>
        <properties>
          <entry>
            <key>Regular Expression</key>
            <value>(?s:^(.*)$)</value>
          </entry>
          <entry>
            <key>Replacement Value</key>
            <value>${keyword},${language},${id},${created_at},${message:replace('$',''):replace('\n','')}</value>
          </entry>
          <entry>
            <key>Character Set</key>
            <value>UTF-8</value>
          </entry>
          <entry>
            <key>Maximum Buffer Size</key>
            <value>1 MB</value>
          </entry>
          <entry>
            <key>Replacement Strategy</key>
            <value>Regex Replace</value>
          </entry>
          <entry>
            <key>Evaluation Mode</key>
            <value>Entire text</value>
          </entry>
        </properties>
        <runDurationMillis>0</runDurationMillis>
        <schedulingPeriod>0 sec</schedulingPeriod>
        <schedulingStrategy>TIMER_DRIVEN</schedulingStrategy>
        <yieldDuration>1 sec</yieldDuration>
      </config>
      <name>ReplaceText</name>
      <relationships>
        <autoTerminate>true</autoTerminate>
        <name>failure</name>
      </relationships>
      <relationships>
        <autoTerminate>false</autoTerminate>
        <name>success</name>
      </relationships>
      <style></style>
      <type>org.apache.nifi.processors.standard.ReplaceText</type>
    </processors>
    <processors>
      <id>2c9405dd-f5cf-41eb-0000-000000000000</id>
      <parentGroupId>f31ee9bf-015a-1000-0000-000000000000</parentGroupId>
      <position>
        <x>2.032115936279297</x>
        <y>0.0</y>
      </position>
      <config>
        <bulletinLevel>WARN</bulletinLevel>
        <comments></comments>
        <concurrentlySchedulableTaskCount>1</concurrentlySchedulableTaskCount>
        <descriptors>
          <entry>
            <key>Twitter Endpoint</key>
            <value>
              <name>Twitter Endpoint</name>
            </value>
          </entry>
          <entry>
            <key>Consumer Key</key>
            <value>
              <name>Consumer Key</name>
            </value>
          </entry>
          <entry>
            <key>Consumer Secret</key>
            <value>
              <name>Consumer Secret</name>
            </value>
          </entry>
          <entry>
            <key>Access Token</key>
            <value>
              <name>Access Token</name>
            </value>
          </entry>
          <entry>
            <key>Access Token Secret</key>
            <value>
              <name>Access Token Secret</name>
            </value>
          </entry>
          <entry>
            <key>Languages</key>
            <value>
              <name>Languages</name>
            </value>
          </entry>
          <entry>
            <key>Terms to Filter On</key>
            <value>
              <name>Terms to Filter On</name>
            </value>
          </entry>
          <entry>
            <key>IDs to Follow</key>
            <value>
              <name>IDs to Follow</name>
            </value>
          </entry>
          <entry>
            <key>Locations to Filter On</key>
            <value>
              <name>Locations to Filter On</name>
            </value>
          </entry>
        </descriptors>
        <lossTolerant>false</lossTolerant>
        <penaltyDuration>30 sec</penaltyDuration>
        <properties>
          <entry>
            <key>Twitter Endpoint</key>
            <value>Filter Endpoint</value>
          </entry>
          <entry>
            <key>Consumer Key</key>
            <value></value>
          </entry>
          <entry>
            <key>Consumer Secret</key>
          </entry>
          <entry>
            <key>Access Token</key>
            <value></value>
          </entry>
          <entry>
            <key>Access Token Secret</key>
          </entry>
          <entry>
            <key>Languages</key>
          </entry>
          <entry>
            <key>Terms to Filter On</key>
          </entry>
          <entry>
            <key>IDs to Follow</key>
          </entry>
          <entry>
            <key>Locations to Filter On</key>
          </entry>
        </properties>
        <runDurationMillis>0</runDurationMillis>
        <schedulingPeriod>5 sec</schedulingPeriod>
        <schedulingStrategy>TIMER_DRIVEN</schedulingStrategy>
        <yieldDuration>1 sec</yieldDuration>
      </config>
      <name>GetTwitter</name>
      <relationships>
        <autoTerminate>false</autoTerminate>
        <name>success</name>
      </relationships>
      <style></style>
      <type>org.apache.nifi.processors.twitter.GetTwitter</type>
    </processors>
    <processors>
      <id>3d3a44a0-7365-1c62-0000-000000000000</id>
      <parentGroupId>f31ee9bf-015a-1000-0000-000000000000</parentGroupId>
      <position>
        <x>3.57922212970152E-5</x>
        <y>217.01416919849498</y>
      </position>
      <config>
        <bulletinLevel>WARN</bulletinLevel>
        <comments></comments>
        <concurrentlySchedulableTaskCount>1</concurrentlySchedulableTaskCount>
        <descriptors>
          <entry>
            <key>Delete Attributes Expression</key>
            <value>
              <name>Delete Attributes Expression</name>
            </value>
          </entry>
          <entry>
            <key>archiveId</key>
            <value>
              <name>archiveId</name>
            </value>
          </entry>
          <entry>
            <key>category</key>
            <value>
              <name>category</name>
            </value>
          </entry>
          <entry>
            <key>feed</key>
            <value>
              <name>feed</name>
            </value>
          </entry>
          <entry>
            <key>hdfs.ingest.root</key>
            <value>
              <name>hdfs.ingest.root</name>
            </value>
          </entry>
          <entry>
            <key>hive.ingest.root</key>
            <value>
              <name>hive.ingest.root</name>
            </value>
          </entry>
          <entry>
            <key>hive.master.root</key>
            <value>
              <name>hive.master.root</name>
            </value>
          </entry>
          <entry>
            <key>hive.profile.root</key>
            <value>
              <name>hive.profile.root</name>
            </value>
          </entry>
          <entry>
            <key>keyword</key>
            <value>
              <name>keyword</name>
            </value>
          </entry>
          <entry>
            <key>kylo.tmp.baseFolder</key>
            <value>
              <name>kylo.tmp.baseFolder</name>
            </value>
          </entry>
          <entry>
            <key>metadata.table.feedFieldStructure</key>
            <value>
              <name>metadata.table.feedFieldStructure</name>
            </value>
          </entry>
          <entry>
            <key>metadata.table.feedFormat</key>
            <value>
              <name>metadata.table.feedFormat</name>
            </value>
          </entry>
          <entry>
            <key>metadata.table.fieldIndexString</key>
            <value>
              <name>metadata.table.fieldIndexString</name>
            </value>
          </entry>
          <entry>
            <key>metadata.table.fieldPoliciesJson</key>
            <value>
              <name>metadata.table.fieldPoliciesJson</name>
            </value>
          </entry>
          <entry>
            <key>metadata.table.fieldStructure</key>
            <value>
              <name>metadata.table.fieldStructure</name>
            </value>
          </entry>
          <entry>
            <key>metadata.table.partitionSpecs</key>
            <value>
              <name>metadata.table.partitionSpecs</name>
            </value>
          </entry>
          <entry>
            <key>metadata.table.partitionStructure</key>
            <value>
              <name>metadata.table.partitionStructure</name>
            </value>
          </entry>
          <entry>
            <key>metadata.table.targetFormat</key>
            <value>
              <name>metadata.table.targetFormat</name>
            </value>
          </entry>
          <entry>
            <key>metadata.table.targetMergeStrategy</key>
            <value>
              <name>metadata.table.targetMergeStrategy</name>
            </value>
          </entry>
          <entry>
            <key>metadata.table.targetTblProperties</key>
            <value>
              <name>metadata.table.targetTblProperties</name>
            </value>
          </entry>
          <entry>
            <key>skipHeader</key>
            <value>
              <name>skipHeader</name>
            </value>
          </entry>
          <entry>
            <key>spark.input_folder</key>
            <value>
              <name>spark.input_folder</name>
            </value>
          </entry>
        </descriptors>
        <lossTolerant>false</lossTolerant>
        <penaltyDuration>30 sec</penaltyDuration>
        <properties>
          <entry>
            <key>Delete Attributes Expression</key>
          </entry>
          <entry>
            <key>archiveId</key>
            <value>${now():format('yyyyMMddHHmmss')}_${UUID()}</value>
          </entry>
          <entry>
            <key>category</key>
            <value>${metadata.category.systemName}</value>
          </entry>
          <entry>
            <key>feed</key>
            <value>${metadata.systemFeedName}</value>
          </entry>
          <entry>
            <key>hdfs.ingest.root</key>
            <value>${config.hdfs.ingest.root}</value>
          </entry>
          <entry>
            <key>hive.ingest.root</key>
            <value>${config.hive.ingest.root}</value>
          </entry>
          <entry>
            <key>hive.master.root</key>
            <value>${config.hive.master.root}</value>
          </entry>
          <entry>
            <key>hive.profile.root</key>
            <value>${config.hive.profile.root}</value>
          </entry>
          <entry>
            <key>keyword</key>
            <value>keyword</value>
          </entry>
          <entry>
            <key>kylo.tmp.baseFolder</key>
            <value>/tmp/kylo-nifi</value>
          </entry>
          <entry>
            <key>metadata.table.feedFieldStructure</key>
            <value>${metadata.table.feedFieldStructure}</value>
          </entry>
          <entry>
            <key>metadata.table.feedFormat</key>
            <value>${metadata.table.feedFormat}</value>
          </entry>
          <entry>
            <key>metadata.table.fieldIndexString</key>
            <value>${metadata.table.fieldIndexString}</value>
          </entry>
          <entry>
            <key>metadata.table.fieldPoliciesJson</key>
            <value>${metadata.table.fieldPoliciesJson}</value>
          </entry>
          <entry>
            <key>metadata.table.fieldStructure</key>
            <value>${metadata.table.fieldStructure}</value>
          </entry>
          <entry>
            <key>metadata.table.partitionSpecs</key>
            <value>${metadata.table.partitionSpecs}</value>
          </entry>
          <entry>
            <key>metadata.table.partitionStructure</key>
            <value>${metadata.table.partitionStructure}</value>
          </entry>
          <entry>
            <key>metadata.table.targetFormat</key>
            <value>${metadata.table.targetFormat}</value>
          </entry>
          <entry>
            <key>metadata.table.targetMergeStrategy</key>
            <value>${metadata.table.targetMergeStrategy}</value>
          </entry>
          <entry>
            <key>metadata.table.targetTblProperties</key>
            <value>${metadata.table.targetTblProperties}</value>
          </entry>
          <entry>
            <key>skipHeader</key>
            <value>${metadata.options.skipHeader}</value>
          </entry>
          <entry>
            <key>spark.input_folder</key>
            <value>/tmp/kylo-nifi/spark</value>
          </entry>
        </properties>
        <runDurationMillis>0</runDurationMillis>
        <schedulingPeriod>0 sec</schedulingPeriod>
        <schedulingStrategy>TIMER_DRIVEN</schedulingStrategy>
        <yieldDuration>1 sec</yieldDuration>
      </config>
      <name>Initialize Feed Parameters</name>
      <relationships>
        <autoTerminate>false</autoTerminate>
        <name>success</name>
      </relationships>
      <style>
        <entry>
          <key>background-color</key>
          <value>#ad9897</value>
        </entry>
      </style>
      <type>org.apache.nifi.processors.attributes.UpdateAttribute</type>
    </processors>
    <processors>
      <id>3ee301f8-d1b6-4d09-0000-000000000000</id>
      <parentGroupId>f31ee9bf-015a-1000-0000-000000000000</parentGroupId>
      <position>
        <x>0.12942886352539062</x>
        <y>439.23641288757335</y>
      </position>
      <config>
        <bulletinLevel>ERROR</bulletinLevel>
        <comments></comments>
        <concurrentlySchedulableTaskCount>4</concurrentlySchedulableTaskCount>
        <descriptors>
          <entry>
            <key>Destination</key>
            <value>
              <name>Destination</name>
            </value>
          </entry>
          <entry>
            <key>Return Type</key>
            <value>
              <name>Return Type</name>
            </value>
          </entry>
          <entry>
            <key>Path Not Found Behavior</key>
            <value>
              <name>Path Not Found Behavior</name>
            </value>
          </entry>
          <entry>
            <key>Null Value Representation</key>
            <value>
              <name>Null Value Representation</name>
            </value>
          </entry>
          <entry>
            <key>created_at</key>
            <value>
              <name>created_at</name>
            </value>
          </entry>
          <entry>
            <key>id</key>
            <value>
              <name>id</name>
            </value>
          </entry>
          <entry>
            <key>language</key>
            <value>
              <name>language</name>
            </value>
          </entry>
          <entry>
            <key>message</key>
            <value>
              <name>message</name>
            </value>
          </entry>
        </descriptors>
        <lossTolerant>false</lossTolerant>
        <penaltyDuration>30 sec</penaltyDuration>
        <properties>
          <entry>
            <key>Destination</key>
            <value>flowfile-attribute</value>
          </entry>
          <entry>
            <key>Return Type</key>
            <value>auto-detect</value>
          </entry>
          <entry>
            <key>Path Not Found Behavior</key>
            <value>ignore</value>
          </entry>
          <entry>
            <key>Null Value Representation</key>
            <value>empty string</value>
          </entry>
          <entry>
            <key>created_at</key>
            <value>$.created_at</value>
          </entry>
          <entry>
            <key>id</key>
            <value>$.id</value>
          </entry>
          <entry>
            <key>language</key>
            <value>$.lang</value>
          </entry>
          <entry>
            <key>message</key>
            <value>$.text</value>
          </entry>
        </properties>
        <runDurationMillis>25</runDurationMillis>
        <schedulingPeriod>0 sec</schedulingPeriod>
        <schedulingStrategy>TIMER_DRIVEN</schedulingStrategy>
        <yieldDuration>1 sec</yieldDuration>
      </config>
      <name>Pull Key Attributes</name>
      <relationships>
        <autoTerminate>true</autoTerminate>
        <name>failure</name>
      </relationships>
      <relationships>
        <autoTerminate>false</autoTerminate>
        <name>matched</name>
      </relationships>
      <relationships>
        <autoTerminate>true</autoTerminate>
        <name>unmatched</name>
      </relationships>
      <style></style>
      <type>org.apache.nifi.processors.standard.EvaluateJsonPath</type>
    </processors>
  </snippet>
  <timestamp>05/02/2017 15:28:57 UTC</timestamp>
</template>