{"properties":[{"processGroupName":"NiFi Flow","processorName":"GetTwitter","processorId":"2c9405dd-f5cf-41eb-0000-000000000000","processGroupId":"f31ee9bf-015a-1000-0000-000000000000","processorType":"org.apache.nifi.processors.twitter.GetTwitter","key":"Access Token","value":"","expressionProperties":null,"propertyDescriptor":{"name":"Access Token","displayName":null,"description":null,"defaultValue":null,"allowableValues":null,"required":null,"sensitive":null,"dynamic":null,"supportsEl":null,"identifiesControllerService":null},"templateValue":"","userEditable":true,"renderType":"text","renderOptions":{},"selected":true,"inputProperty":true,"containsConfigurationVariables":false,"templateProperty":null,"idKey":"f31ee9bf-015a-1000-0000-000000000000-2c9405dd-f5cf-41eb-0000-000000000000-Access Token","processorNameTypeKey":"GetTwitter-org.apache.nifi.processors.twitter.GetTwitter-Access Token","nameKey":"NiFi Flow-GetTwitter-Access Token"},{"processGroupName":"NiFi Flow","processorName":"GetTwitter","processorId":"2c9405dd-f5cf-41eb-0000-000000000000","processGroupId":"f31ee9bf-015a-1000-0000-000000000000","processorType":"org.apache.nifi.processors.twitter.GetTwitter","key":"Access Token Secret","value":null,"expressionProperties":null,"propertyDescriptor":{"name":"Access Token Secret","displayName":null,"description":null,"defaultValue":null,"allowableValues":null,"required":null,"sensitive":null,"dynamic":null,"supportsEl":null,"identifiesControllerService":null},"templateValue":null,"userEditable":true,"renderType":"text","renderOptions":{},"selected":true,"inputProperty":true,"containsConfigurationVariables":false,"templateProperty":null,"idKey":"f31ee9bf-015a-1000-0000-000000000000-2c9405dd-f5cf-41eb-0000-000000000000-Access Token Secret","processorNameTypeKey":"GetTwitter-org.apache.nifi.processors.twitter.GetTwitter-Access Token Secret","nameKey":"NiFi Flow-GetTwitter-Access Token Secret"},{"processGroupName":"NiFi Flow","processorName":"GetTwitter","processorId":"2c9405dd-f5cf-41eb-0000-000000000000","processGroupId":"f31ee9bf-015a-1000-0000-000000000000","processorType":"org.apache.nifi.processors.twitter.GetTwitter","key":"Consumer Key","value":"","expressionProperties":null,"propertyDescriptor":{"name":"Consumer Key","displayName":null,"description":null,"defaultValue":null,"allowableValues":null,"required":null,"sensitive":null,"dynamic":null,"supportsEl":null,"identifiesControllerService":null},"templateValue":"","userEditable":true,"renderType":"text","renderOptions":{},"selected":true,"inputProperty":true,"containsConfigurationVariables":false,"templateProperty":null,"idKey":"f31ee9bf-015a-1000-0000-000000000000-2c9405dd-f5cf-41eb-0000-000000000000-Consumer Key","processorNameTypeKey":"GetTwitter-org.apache.nifi.processors.twitter.GetTwitter-Consumer Key","nameKey":"NiFi Flow-GetTwitter-Consumer Key"},{"processGroupName":"NiFi Flow","processorName":"GetTwitter","processorId":"2c9405dd-f5cf-41eb-0000-000000000000","processGroupId":"f31ee9bf-015a-1000-0000-000000000000","processorType":"org.apache.nifi.processors.twitter.GetTwitter","key":"Consumer Secret","value":null,"expressionProperties":null,"propertyDescriptor":{"name":"Consumer Secret","displayName":null,"description":null,"defaultValue":null,"allowableValues":null,"required":null,"sensitive":null,"dynamic":null,"supportsEl":null,"identifiesControllerService":null},"templateValue":null,"userEditable":true,"renderType":"text","renderOptions":{},"selected":true,"inputProperty":true,"containsConfigurationVariables":false,"templateProperty":null,"idKey":"f31ee9bf-015a-1000-0000-000000000000-2c9405dd-f5cf-41eb-0000-000000000000-Consumer Secret","processorNameTypeKey":"GetTwitter-org.apache.nifi.processors.twitter.GetTwitter-Consumer Secret","nameKey":"NiFi Flow-GetTwitter-Consumer Secret"},{"processGroupName":"NiFi Flow","processorName":"GetTwitter","processorId":"2c9405dd-f5cf-41eb-0000-000000000000","processGroupId":"f31ee9bf-015a-1000-0000-000000000000","processorType":"org.apache.nifi.processors.twitter.GetTwitter","key":"Languages","value":"fr,en","expressionProperties":null,"propertyDescriptor":{"name":"Languages","displayName":null,"description":null,"defaultValue":null,"allowableValues":null,"required":null,"sensitive":null,"dynamic":null,"supportsEl":null,"identifiesControllerService":null},"templateValue":"fr,en","userEditable":true,"renderType":"text","renderOptions":{},"selected":true,"inputProperty":true,"containsConfigurationVariables":false,"templateProperty":null,"idKey":"f31ee9bf-015a-1000-0000-000000000000-2c9405dd-f5cf-41eb-0000-000000000000-Languages","processorNameTypeKey":"GetTwitter-org.apache.nifi.processors.twitter.GetTwitter-Languages","nameKey":"NiFi Flow-GetTwitter-Languages"},{"processGroupName":"NiFi Flow","processorName":"GetTwitter","processorId":"2c9405dd-f5cf-41eb-0000-000000000000","processGroupId":"f31ee9bf-015a-1000-0000-000000000000","processorType":"org.apache.nifi.processors.twitter.GetTwitter","key":"Terms to Filter On","value":null,"expressionProperties":null,"propertyDescriptor":{"name":"Terms to Filter On","displayName":null,"description":null,"defaultValue":null,"allowableValues":null,"required":null,"sensitive":null,"dynamic":null,"supportsEl":null,"identifiesControllerService":null},"templateValue":null,"userEditable":true,"renderType":"text","renderOptions":{},"selected":true,"inputProperty":true,"containsConfigurationVariables":false,"templateProperty":null,"idKey":"f31ee9bf-015a-1000-0000-000000000000-2c9405dd-f5cf-41eb-0000-000000000000-Terms to Filter On","processorNameTypeKey":"GetTwitter-org.apache.nifi.processors.twitter.GetTwitter-Terms to Filter On","nameKey":"NiFi Flow-GetTwitter-Terms to Filter On"},{"processGroupName":"NiFi Flow","processorName":"Initialize Feed Parameters","processorId":"3d3a44a0-7365-1c62-0000-000000000000","processGroupId":"f31ee9bf-015a-1000-0000-000000000000","processorType":"org.apache.nifi.processors.attributes.UpdateAttribute","key":"category","value":"${metadata.category.systemName}","expressionProperties":null,"propertyDescriptor":{"name":"category","displayName":null,"description":null,"defaultValue":null,"allowableValues":null,"required":null,"sensitive":null,"dynamic":null,"supportsEl":null,"identifiesControllerService":null},"templateValue":"${metadata.category.systemName}","userEditable":false,"renderType":"text","renderOptions":{},"selected":true,"inputProperty":false,"containsConfigurationVariables":false,"templateProperty":null,"idKey":"f31ee9bf-015a-1000-0000-000000000000-3d3a44a0-7365-1c62-0000-000000000000-category","processorNameTypeKey":"Initialize Feed Parameters-org.apache.nifi.processors.attributes.UpdateAttribute-category","nameKey":"NiFi Flow-Initialize Feed Parameters-category"},{"processGroupName":"NiFi Flow","processorName":"Initialize Feed Parameters","processorId":"3d3a44a0-7365-1c62-0000-000000000000","processGroupId":"f31ee9bf-015a-1000-0000-000000000000","processorType":"org.apache.nifi.processors.attributes.UpdateAttribute","key":"feed","value":"${metadata.systemFeedName}","expressionProperties":null,"propertyDescriptor":{"name":"feed","displayName":null,"description":null,"defaultValue":null,"allowableValues":null,"required":null,"sensitive":null,"dynamic":null,"supportsEl":null,"identifiesControllerService":null},"templateValue":"${metadata.systemFeedName}","userEditable":false,"renderType":"text","renderOptions":{},"selected":true,"inputProperty":false,"containsConfigurationVariables":false,"templateProperty":null,"idKey":"f31ee9bf-015a-1000-0000-000000000000-3d3a44a0-7365-1c62-0000-000000000000-feed","processorNameTypeKey":"Initialize Feed Parameters-org.apache.nifi.processors.attributes.UpdateAttribute-feed","nameKey":"NiFi Flow-Initialize Feed Parameters-feed"},{"processGroupName":"NiFi Flow","processorName":"Initialize Feed Parameters","processorId":"3d3a44a0-7365-1c62-0000-000000000000","processGroupId":"f31ee9bf-015a-1000-0000-000000000000","processorType":"org.apache.nifi.processors.attributes.UpdateAttribute","key":"hdfs.ingest.root","value":"${config.hdfs.ingest.root}","expressionProperties":null,"propertyDescriptor":{"name":"hdfs.ingest.root","displayName":null,"description":null,"defaultValue":null,"allowableValues":null,"required":null,"sensitive":null,"dynamic":null,"supportsEl":null,"identifiesControllerService":null},"templateValue":"${config.hdfs.ingest.root}","userEditable":false,"renderType":"text","renderOptions":{},"selected":true,"inputProperty":false,"containsConfigurationVariables":false,"templateProperty":null,"idKey":"f31ee9bf-015a-1000-0000-000000000000-3d3a44a0-7365-1c62-0000-000000000000-hdfs.ingest.root","processorNameTypeKey":"Initialize Feed Parameters-org.apache.nifi.processors.attributes.UpdateAttribute-hdfs.ingest.root","nameKey":"NiFi Flow-Initialize Feed Parameters-hdfs.ingest.root"},{"processGroupName":"NiFi Flow","processorName":"Initialize Feed Parameters","processorId":"3d3a44a0-7365-1c62-0000-000000000000","processGroupId":"f31ee9bf-015a-1000-0000-000000000000","processorType":"org.apache.nifi.processors.attributes.UpdateAttribute","key":"hive.ingest.root","value":"${config.hive.ingest.root}","expressionProperties":null,"propertyDescriptor":{"name":"hive.ingest.root","displayName":null,"description":null,"defaultValue":null,"allowableValues":null,"required":null,"sensitive":null,"dynamic":null,"supportsEl":null,"identifiesControllerService":null},"templateValue":"${config.hive.ingest.root}","userEditable":false,"renderType":"text","renderOptions":{},"selected":true,"inputProperty":false,"containsConfigurationVariables":false,"templateProperty":null,"idKey":"f31ee9bf-015a-1000-0000-000000000000-3d3a44a0-7365-1c62-0000-000000000000-hive.ingest.root","processorNameTypeKey":"Initialize Feed Parameters-org.apache.nifi.processors.attributes.UpdateAttribute-hive.ingest.root","nameKey":"NiFi Flow-Initialize Feed Parameters-hive.ingest.root"},{"processGroupName":"NiFi Flow","processorName":"Initialize Feed Parameters","processorId":"3d3a44a0-7365-1c62-0000-000000000000","processGroupId":"f31ee9bf-015a-1000-0000-000000000000","processorType":"org.apache.nifi.processors.attributes.UpdateAttribute","key":"hive.master.root","value":"${config.hive.master.root}","expressionProperties":null,"propertyDescriptor":{"name":"hive.master.root","displayName":null,"description":null,"defaultValue":null,"allowableValues":null,"required":null,"sensitive":null,"dynamic":null,"supportsEl":null,"identifiesControllerService":null},"templateValue":"${config.hive.master.root}","userEditable":false,"renderType":"text","renderOptions":{},"selected":true,"inputProperty":false,"containsConfigurationVariables":false,"templateProperty":null,"idKey":"f31ee9bf-015a-1000-0000-000000000000-3d3a44a0-7365-1c62-0000-000000000000-hive.master.root","processorNameTypeKey":"Initialize Feed Parameters-org.apache.nifi.processors.attributes.UpdateAttribute-hive.master.root","nameKey":"NiFi Flow-Initialize Feed Parameters-hive.master.root"},{"processGroupName":"NiFi Flow","processorName":"Initialize Feed Parameters","processorId":"3d3a44a0-7365-1c62-0000-000000000000","processGroupId":"f31ee9bf-015a-1000-0000-000000000000","processorType":"org.apache.nifi.processors.attributes.UpdateAttribute","key":"hive.profile.root","value":"${config.hive.profile.root}","expressionProperties":null,"propertyDescriptor":{"name":"hive.profile.root","displayName":null,"description":null,"defaultValue":null,"allowableValues":null,"required":null,"sensitive":null,"dynamic":null,"supportsEl":null,"identifiesControllerService":null},"templateValue":"${config.hive.profile.root}","userEditable":false,"renderType":"text","renderOptions":{},"selected":true,"inputProperty":false,"containsConfigurationVariables":false,"templateProperty":null,"idKey":"f31ee9bf-015a-1000-0000-000000000000-3d3a44a0-7365-1c62-0000-000000000000-hive.profile.root","processorNameTypeKey":"Initialize Feed Parameters-org.apache.nifi.processors.attributes.UpdateAttribute-hive.profile.root","nameKey":"NiFi Flow-Initialize Feed Parameters-hive.profile.root"},{"processGroupName":"NiFi Flow","processorName":"Initialize Feed Parameters","processorId":"3d3a44a0-7365-1c62-0000-000000000000","processGroupId":"f31ee9bf-015a-1000-0000-000000000000","processorType":"org.apache.nifi.processors.attributes.UpdateAttribute","key":"keyword","value":"","expressionProperties":null,"propertyDescriptor":{"name":"keyword","displayName":null,"description":null,"defaultValue":null,"allowableValues":null,"required":null,"sensitive":null,"dynamic":null,"supportsEl":null,"identifiesControllerService":null},"templateValue":"","userEditable":true,"renderType":"text","renderOptions":{},"selected":true,"inputProperty":false,"containsConfigurationVariables":false,"templateProperty":null,"idKey":"f31ee9bf-015a-1000-0000-000000000000-3d3a44a0-7365-1c62-0000-000000000000-keyword","processorNameTypeKey":"Initialize Feed Parameters-org.apache.nifi.processors.attributes.UpdateAttribute-keyword","nameKey":"NiFi Flow-Initialize Feed Parameters-keyword"},{"processGroupName":"NiFi Flow","processorName":"Initialize Feed Parameters","processorId":"3d3a44a0-7365-1c62-0000-000000000000","processGroupId":"f31ee9bf-015a-1000-0000-000000000000","processorType":"org.apache.nifi.processors.attributes.UpdateAttribute","key":"metadata.table.feedFieldStructure","value":"${metadata.table.feedFieldStructure}","expressionProperties":null,"propertyDescriptor":{"name":"metadata.table.feedFieldStructure","displayName":null,"description":null,"defaultValue":null,"allowableValues":null,"required":null,"sensitive":null,"dynamic":null,"supportsEl":null,"identifiesControllerService":null},"templateValue":"${metadata.table.feedFieldStructure}","userEditable":false,"renderType":"text","renderOptions":{},"selected":true,"inputProperty":false,"containsConfigurationVariables":false,"templateProperty":null,"idKey":"f31ee9bf-015a-1000-0000-000000000000-3d3a44a0-7365-1c62-0000-000000000000-metadata.table.feedFieldStructure","processorNameTypeKey":"Initialize Feed Parameters-org.apache.nifi.processors.attributes.UpdateAttribute-metadata.table.feedFieldStructure","nameKey":"NiFi Flow-Initialize Feed Parameters-metadata.table.feedFieldStructure"},{"processGroupName":"NiFi Flow","processorName":"Initialize Feed Parameters","processorId":"3d3a44a0-7365-1c62-0000-000000000000","processGroupId":"f31ee9bf-015a-1000-0000-000000000000","processorType":"org.apache.nifi.processors.attributes.UpdateAttribute","key":"metadata.table.feedFormat","value":"${metadata.table.feedFormat}","expressionProperties":null,"propertyDescriptor":{"name":"metadata.table.feedFormat","displayName":null,"description":null,"defaultValue":null,"allowableValues":null,"required":null,"sensitive":null,"dynamic":null,"supportsEl":null,"identifiesControllerService":null},"templateValue":"${metadata.table.feedFormat}","userEditable":false,"renderType":"text","renderOptions":{},"selected":true,"inputProperty":false,"containsConfigurationVariables":false,"templateProperty":null,"idKey":"f31ee9bf-015a-1000-0000-000000000000-3d3a44a0-7365-1c62-0000-000000000000-metadata.table.feedFormat","processorNameTypeKey":"Initialize Feed Parameters-org.apache.nifi.processors.attributes.UpdateAttribute-metadata.table.feedFormat","nameKey":"NiFi Flow-Initialize Feed Parameters-metadata.table.feedFormat"},{"processGroupName":"NiFi Flow","processorName":"Initialize Feed Parameters","processorId":"3d3a44a0-7365-1c62-0000-000000000000","processGroupId":"f31ee9bf-015a-1000-0000-000000000000","processorType":"org.apache.nifi.processors.attributes.UpdateAttribute","key":"metadata.table.fieldIndexString","value":"${metadata.table.fieldIndexString}","expressionProperties":null,"propertyDescriptor":{"name":"metadata.table.fieldIndexString","displayName":null,"description":null,"defaultValue":null,"allowableValues":null,"required":null,"sensitive":null,"dynamic":null,"supportsEl":null,"identifiesControllerService":null},"templateValue":"${metadata.table.fieldIndexString}","userEditable":false,"renderType":"text","renderOptions":{},"selected":true,"inputProperty":false,"containsConfigurationVariables":false,"templateProperty":null,"idKey":"f31ee9bf-015a-1000-0000-000000000000-3d3a44a0-7365-1c62-0000-000000000000-metadata.table.fieldIndexString","processorNameTypeKey":"Initialize Feed Parameters-org.apache.nifi.processors.attributes.UpdateAttribute-metadata.table.fieldIndexString","nameKey":"NiFi Flow-Initialize Feed Parameters-metadata.table.fieldIndexString"},{"processGroupName":"NiFi Flow","processorName":"Initialize Feed Parameters","processorId":"3d3a44a0-7365-1c62-0000-000000000000","processGroupId":"f31ee9bf-015a-1000-0000-000000000000","processorType":"org.apache.nifi.processors.attributes.UpdateAttribute","key":"metadata.table.fieldPoliciesJson","value":"${metadata.table.fieldPoliciesJson}","expressionProperties":null,"propertyDescriptor":{"name":"metadata.table.fieldPoliciesJson","displayName":null,"description":null,"defaultValue":null,"allowableValues":null,"required":null,"sensitive":null,"dynamic":null,"supportsEl":null,"identifiesControllerService":null},"templateValue":"${metadata.table.fieldPoliciesJson}","userEditable":false,"renderType":"text","renderOptions":{},"selected":true,"inputProperty":false,"containsConfigurationVariables":false,"templateProperty":null,"idKey":"f31ee9bf-015a-1000-0000-000000000000-3d3a44a0-7365-1c62-0000-000000000000-metadata.table.fieldPoliciesJson","processorNameTypeKey":"Initialize Feed Parameters-org.apache.nifi.processors.attributes.UpdateAttribute-metadata.table.fieldPoliciesJson","nameKey":"NiFi Flow-Initialize Feed Parameters-metadata.table.fieldPoliciesJson"},{"processGroupName":"NiFi Flow","processorName":"Initialize Feed Parameters","processorId":"3d3a44a0-7365-1c62-0000-000000000000","processGroupId":"f31ee9bf-015a-1000-0000-000000000000","processorType":"org.apache.nifi.processors.attributes.UpdateAttribute","key":"metadata.table.fieldStructure","value":"${metadata.table.fieldStructure}","expressionProperties":null,"propertyDescriptor":{"name":"metadata.table.fieldStructure","displayName":null,"description":null,"defaultValue":null,"allowableValues":null,"required":null,"sensitive":null,"dynamic":null,"supportsEl":null,"identifiesControllerService":null},"templateValue":"${metadata.table.fieldStructure}","userEditable":false,"renderType":"text","renderOptions":{},"selected":true,"inputProperty":false,"containsConfigurationVariables":false,"templateProperty":null,"idKey":"f31ee9bf-015a-1000-0000-000000000000-3d3a44a0-7365-1c62-0000-000000000000-metadata.table.fieldStructure","processorNameTypeKey":"Initialize Feed Parameters-org.apache.nifi.processors.attributes.UpdateAttribute-metadata.table.fieldStructure","nameKey":"NiFi Flow-Initialize Feed Parameters-metadata.table.fieldStructure"},{"processGroupName":"NiFi Flow","processorName":"Initialize Feed Parameters","processorId":"3d3a44a0-7365-1c62-0000-000000000000","processGroupId":"f31ee9bf-015a-1000-0000-000000000000","processorType":"org.apache.nifi.processors.attributes.UpdateAttribute","key":"metadata.table.partitionSpecs","value":"${metadata.table.partitionSpecs}","expressionProperties":null,"propertyDescriptor":{"name":"metadata.table.partitionSpecs","displayName":null,"description":null,"defaultValue":null,"allowableValues":null,"required":null,"sensitive":null,"dynamic":null,"supportsEl":null,"identifiesControllerService":null},"templateValue":"${metadata.table.partitionSpecs}","userEditable":false,"renderType":"text","renderOptions":{},"selected":true,"inputProperty":false,"containsConfigurationVariables":false,"templateProperty":null,"idKey":"f31ee9bf-015a-1000-0000-000000000000-3d3a44a0-7365-1c62-0000-000000000000-metadata.table.partitionSpecs","processorNameTypeKey":"Initialize Feed Parameters-org.apache.nifi.processors.attributes.UpdateAttribute-metadata.table.partitionSpecs","nameKey":"NiFi Flow-Initialize Feed Parameters-metadata.table.partitionSpecs"},{"processGroupName":"NiFi Flow","processorName":"Initialize Feed Parameters","processorId":"3d3a44a0-7365-1c62-0000-000000000000","processGroupId":"f31ee9bf-015a-1000-0000-000000000000","processorType":"org.apache.nifi.processors.attributes.UpdateAttribute","key":"metadata.table.partitionStructure","value":"${metadata.table.partitionStructure}","expressionProperties":null,"propertyDescriptor":{"name":"metadata.table.partitionStructure","displayName":null,"description":null,"defaultValue":null,"allowableValues":null,"required":null,"sensitive":null,"dynamic":null,"supportsEl":null,"identifiesControllerService":null},"templateValue":"${metadata.table.partitionStructure}","userEditable":false,"renderType":"text","renderOptions":{},"selected":true,"inputProperty":false,"containsConfigurationVariables":false,"templateProperty":null,"idKey":"f31ee9bf-015a-1000-0000-000000000000-3d3a44a0-7365-1c62-0000-000000000000-metadata.table.partitionStructure","processorNameTypeKey":"Initialize Feed Parameters-org.apache.nifi.processors.attributes.UpdateAttribute-metadata.table.partitionStructure","nameKey":"NiFi Flow-Initialize Feed Parameters-metadata.table.partitionStructure"},{"processGroupName":"NiFi Flow","processorName":"Initialize Feed Parameters","processorId":"3d3a44a0-7365-1c62-0000-000000000000","processGroupId":"f31ee9bf-015a-1000-0000-000000000000","processorType":"org.apache.nifi.processors.attributes.UpdateAttribute","key":"metadata.table.targetFormat","value":"${metadata.table.targetFormat}","expressionProperties":null,"propertyDescriptor":{"name":"metadata.table.targetFormat","displayName":null,"description":null,"defaultValue":null,"allowableValues":null,"required":null,"sensitive":null,"dynamic":null,"supportsEl":null,"identifiesControllerService":null},"templateValue":"${metadata.table.targetFormat}","userEditable":false,"renderType":"text","renderOptions":{},"selected":true,"inputProperty":false,"containsConfigurationVariables":false,"templateProperty":null,"idKey":"f31ee9bf-015a-1000-0000-000000000000-3d3a44a0-7365-1c62-0000-000000000000-metadata.table.targetFormat","processorNameTypeKey":"Initialize Feed Parameters-org.apache.nifi.processors.attributes.UpdateAttribute-metadata.table.targetFormat","nameKey":"NiFi Flow-Initialize Feed Parameters-metadata.table.targetFormat"},{"processGroupName":"NiFi Flow","processorName":"Initialize Feed Parameters","processorId":"3d3a44a0-7365-1c62-0000-000000000000","processGroupId":"f31ee9bf-015a-1000-0000-000000000000","processorType":"org.apache.nifi.processors.attributes.UpdateAttribute","key":"metadata.table.targetMergeStrategy","value":"${metadata.table.targetMergeStrategy}","expressionProperties":null,"propertyDescriptor":{"name":"metadata.table.targetMergeStrategy","displayName":null,"description":null,"defaultValue":null,"allowableValues":null,"required":null,"sensitive":null,"dynamic":null,"supportsEl":null,"identifiesControllerService":null},"templateValue":"${metadata.table.targetMergeStrategy}","userEditable":false,"renderType":"text","renderOptions":{},"selected":true,"inputProperty":false,"containsConfigurationVariables":false,"templateProperty":null,"idKey":"f31ee9bf-015a-1000-0000-000000000000-3d3a44a0-7365-1c62-0000-000000000000-metadata.table.targetMergeStrategy","processorNameTypeKey":"Initialize Feed Parameters-org.apache.nifi.processors.attributes.UpdateAttribute-metadata.table.targetMergeStrategy","nameKey":"NiFi Flow-Initialize Feed Parameters-metadata.table.targetMergeStrategy"},{"processGroupName":"NiFi Flow","processorName":"Initialize Feed Parameters","processorId":"3d3a44a0-7365-1c62-0000-000000000000","processGroupId":"f31ee9bf-015a-1000-0000-000000000000","processorType":"org.apache.nifi.processors.attributes.UpdateAttribute","key":"metadata.table.targetTblProperties","value":"${metadata.table.targetTblProperties}","expressionProperties":null,"propertyDescriptor":{"name":"metadata.table.targetTblProperties","displayName":null,"description":null,"defaultValue":null,"allowableValues":null,"required":null,"sensitive":null,"dynamic":null,"supportsEl":null,"identifiesControllerService":null},"templateValue":"${metadata.table.targetTblProperties}","userEditable":false,"renderType":"text","renderOptions":{},"selected":true,"inputProperty":false,"containsConfigurationVariables":false,"templateProperty":null,"idKey":"f31ee9bf-015a-1000-0000-000000000000-3d3a44a0-7365-1c62-0000-000000000000-metadata.table.targetTblProperties","processorNameTypeKey":"Initialize Feed Parameters-org.apache.nifi.processors.attributes.UpdateAttribute-metadata.table.targetTblProperties","nameKey":"NiFi Flow-Initialize Feed Parameters-metadata.table.targetTblProperties"},{"processGroupName":"NiFi Flow","processorName":"Initialize Feed Parameters","processorId":"3d3a44a0-7365-1c62-0000-000000000000","processGroupId":"f31ee9bf-015a-1000-0000-000000000000","processorType":"org.apache.nifi.processors.attributes.UpdateAttribute","key":"skipHeader","value":"${metadata.options.skipHeader}","expressionProperties":null,"propertyDescriptor":{"name":"skipHeader","displayName":null,"description":null,"defaultValue":null,"allowableValues":null,"required":null,"sensitive":null,"dynamic":null,"supportsEl":null,"identifiesControllerService":null},"templateValue":"${metadata.options.skipHeader}","userEditable":false,"renderType":"text","renderOptions":{},"selected":true,"inputProperty":false,"containsConfigurationVariables":false,"templateProperty":null,"idKey":"f31ee9bf-015a-1000-0000-000000000000-3d3a44a0-7365-1c62-0000-000000000000-skipHeader","processorNameTypeKey":"Initialize Feed Parameters-org.apache.nifi.processors.attributes.UpdateAttribute-skipHeader","nameKey":"NiFi Flow-Initialize Feed Parameters-skipHeader"}],"nonInputProcessors":[{"properties":[{"processGroupName":"NiFi Flow","processorName":"Initialize Feed Parameters","processorId":"3d3a44a0-7365-1c62-0000-000000000000","processGroupId":"f31ee9bf-015a-1000-0000-000000000000","processorType":"org.apache.nifi.processors.attributes.UpdateAttribute","key":"category","value":"${metadata.category.systemName}","expressionProperties":null,"propertyDescriptor":{"name":"category","displayName":null,"description":null,"defaultValue":null,"allowableValues":null,"required":null,"sensitive":null,"dynamic":null,"supportsEl":null,"identifiesControllerService":null},"templateValue":"${metadata.category.systemName}","userEditable":false,"renderType":"text","renderOptions":{},"selected":true,"inputProperty":false,"containsConfigurationVariables":false,"templateProperty":null,"idKey":"f31ee9bf-015a-1000-0000-000000000000-3d3a44a0-7365-1c62-0000-000000000000-category","processorNameTypeKey":"Initialize Feed Parameters-org.apache.nifi.processors.attributes.UpdateAttribute-category","nameKey":"NiFi Flow-Initialize Feed Parameters-category"},{"processGroupName":"NiFi Flow","processorName":"Initialize Feed Parameters","processorId":"3d3a44a0-7365-1c62-0000-000000000000","processGroupId":"f31ee9bf-015a-1000-0000-000000000000","processorType":"org.apache.nifi.processors.attributes.UpdateAttribute","key":"feed","value":"${metadata.systemFeedName}","expressionProperties":null,"propertyDescriptor":{"name":"feed","displayName":null,"description":null,"defaultValue":null,"allowableValues":null,"required":null,"sensitive":null,"dynamic":null,"supportsEl":null,"identifiesControllerService":null},"templateValue":"${metadata.systemFeedName}","userEditable":false,"renderType":"text","renderOptions":{},"selected":true,"inputProperty":false,"containsConfigurationVariables":false,"templateProperty":null,"idKey":"f31ee9bf-015a-1000-0000-000000000000-3d3a44a0-7365-1c62-0000-000000000000-feed","processorNameTypeKey":"Initialize Feed Parameters-org.apache.nifi.processors.attributes.UpdateAttribute-feed","nameKey":"NiFi Flow-Initialize Feed Parameters-feed"},{"processGroupName":"NiFi Flow","processorName":"Initialize Feed Parameters","processorId":"3d3a44a0-7365-1c62-0000-000000000000","processGroupId":"f31ee9bf-015a-1000-0000-000000000000","processorType":"org.apache.nifi.processors.attributes.UpdateAttribute","key":"hdfs.ingest.root","value":"${config.hdfs.ingest.root}","expressionProperties":null,"propertyDescriptor":{"name":"hdfs.ingest.root","displayName":null,"description":null,"defaultValue":null,"allowableValues":null,"required":null,"sensitive":null,"dynamic":null,"supportsEl":null,"identifiesControllerService":null},"templateValue":"${config.hdfs.ingest.root}","userEditable":false,"renderType":"text","renderOptions":{},"selected":true,"inputProperty":false,"containsConfigurationVariables":false,"templateProperty":null,"idKey":"f31ee9bf-015a-1000-0000-000000000000-3d3a44a0-7365-1c62-0000-000000000000-hdfs.ingest.root","processorNameTypeKey":"Initialize Feed Parameters-org.apache.nifi.processors.attributes.UpdateAttribute-hdfs.ingest.root","nameKey":"NiFi Flow-Initialize Feed Parameters-hdfs.ingest.root"},{"processGroupName":"NiFi Flow","processorName":"Initialize Feed Parameters","processorId":"3d3a44a0-7365-1c62-0000-000000000000","processGroupId":"f31ee9bf-015a-1000-0000-000000000000","processorType":"org.apache.nifi.processors.attributes.UpdateAttribute","key":"hive.ingest.root","value":"${config.hive.ingest.root}","expressionProperties":null,"propertyDescriptor":{"name":"hive.ingest.root","displayName":null,"description":null,"defaultValue":null,"allowableValues":null,"required":null,"sensitive":null,"dynamic":null,"supportsEl":null,"identifiesControllerService":null},"templateValue":"${config.hive.ingest.root}","userEditable":false,"renderType":"text","renderOptions":{},"selected":true,"inputProperty":false,"containsConfigurationVariables":false,"templateProperty":null,"idKey":"f31ee9bf-015a-1000-0000-000000000000-3d3a44a0-7365-1c62-0000-000000000000-hive.ingest.root","processorNameTypeKey":"Initialize Feed Parameters-org.apache.nifi.processors.attributes.UpdateAttribute-hive.ingest.root","nameKey":"NiFi Flow-Initialize Feed Parameters-hive.ingest.root"},{"processGroupName":"NiFi Flow","processorName":"Initialize Feed Parameters","processorId":"3d3a44a0-7365-1c62-0000-000000000000","processGroupId":"f31ee9bf-015a-1000-0000-000000000000","processorType":"org.apache.nifi.processors.attributes.UpdateAttribute","key":"hive.master.root","value":"${config.hive.master.root}","expressionProperties":null,"propertyDescriptor":{"name":"hive.master.root","displayName":null,"description":null,"defaultValue":null,"allowableValues":null,"required":null,"sensitive":null,"dynamic":null,"supportsEl":null,"identifiesControllerService":null},"templateValue":"${config.hive.master.root}","userEditable":false,"renderType":"text","renderOptions":{},"selected":true,"inputProperty":false,"containsConfigurationVariables":false,"templateProperty":null,"idKey":"f31ee9bf-015a-1000-0000-000000000000-3d3a44a0-7365-1c62-0000-000000000000-hive.master.root","processorNameTypeKey":"Initialize Feed Parameters-org.apache.nifi.processors.attributes.UpdateAttribute-hive.master.root","nameKey":"NiFi Flow-Initialize Feed Parameters-hive.master.root"},{"processGroupName":"NiFi Flow","processorName":"Initialize Feed Parameters","processorId":"3d3a44a0-7365-1c62-0000-000000000000","processGroupId":"f31ee9bf-015a-1000-0000-000000000000","processorType":"org.apache.nifi.processors.attributes.UpdateAttribute","key":"hive.profile.root","value":"${config.hive.profile.root}","expressionProperties":null,"propertyDescriptor":{"name":"hive.profile.root","displayName":null,"description":null,"defaultValue":null,"allowableValues":null,"required":null,"sensitive":null,"dynamic":null,"supportsEl":null,"identifiesControllerService":null},"templateValue":"${config.hive.profile.root}","userEditable":false,"renderType":"text","renderOptions":{},"selected":true,"inputProperty":false,"containsConfigurationVariables":false,"templateProperty":null,"idKey":"f31ee9bf-015a-1000-0000-000000000000-3d3a44a0-7365-1c62-0000-000000000000-hive.profile.root","processorNameTypeKey":"Initialize Feed Parameters-org.apache.nifi.processors.attributes.UpdateAttribute-hive.profile.root","nameKey":"NiFi Flow-Initialize Feed Parameters-hive.profile.root"},{"processGroupName":"NiFi Flow","processorName":"Initialize Feed Parameters","processorId":"3d3a44a0-7365-1c62-0000-000000000000","processGroupId":"f31ee9bf-015a-1000-0000-000000000000","processorType":"org.apache.nifi.processors.attributes.UpdateAttribute","key":"keyword","value":"","expressionProperties":null,"propertyDescriptor":{"name":"keyword","displayName":null,"description":null,"defaultValue":null,"allowableValues":null,"required":null,"sensitive":null,"dynamic":null,"supportsEl":null,"identifiesControllerService":null},"templateValue":"","userEditable":true,"renderType":"text","renderOptions":{},"selected":true,"inputProperty":false,"containsConfigurationVariables":false,"templateProperty":null,"idKey":"f31ee9bf-015a-1000-0000-000000000000-3d3a44a0-7365-1c62-0000-000000000000-keyword","processorNameTypeKey":"Initialize Feed Parameters-org.apache.nifi.processors.attributes.UpdateAttribute-keyword","nameKey":"NiFi Flow-Initialize Feed Parameters-keyword"},{"processGroupName":"NiFi Flow","processorName":"Initialize Feed Parameters","processorId":"3d3a44a0-7365-1c62-0000-000000000000","processGroupId":"f31ee9bf-015a-1000-0000-000000000000","processorType":"org.apache.nifi.processors.attributes.UpdateAttribute","key":"metadata.table.feedFieldStructure","value":"${metadata.table.feedFieldStructure}","expressionProperties":null,"propertyDescriptor":{"name":"metadata.table.feedFieldStructure","displayName":null,"description":null,"defaultValue":null,"allowableValues":null,"required":null,"sensitive":null,"dynamic":null,"supportsEl":null,"identifiesControllerService":null},"templateValue":"${metadata.table.feedFieldStructure}","userEditable":false,"renderType":"text","renderOptions":{},"selected":true,"inputProperty":false,"containsConfigurationVariables":false,"templateProperty":null,"idKey":"f31ee9bf-015a-1000-0000-000000000000-3d3a44a0-7365-1c62-0000-000000000000-metadata.table.feedFieldStructure","processorNameTypeKey":"Initialize Feed Parameters-org.apache.nifi.processors.attributes.UpdateAttribute-metadata.table.feedFieldStructure","nameKey":"NiFi Flow-Initialize Feed Parameters-metadata.table.feedFieldStructure"},{"processGroupName":"NiFi Flow","processorName":"Initialize Feed Parameters","processorId":"3d3a44a0-7365-1c62-0000-000000000000","processGroupId":"f31ee9bf-015a-1000-0000-000000000000","processorType":"org.apache.nifi.processors.attributes.UpdateAttribute","key":"metadata.table.feedFormat","value":"${metadata.table.feedFormat}","expressionProperties":null,"propertyDescriptor":{"name":"metadata.table.feedFormat","displayName":null,"description":null,"defaultValue":null,"allowableValues":null,"required":null,"sensitive":null,"dynamic":null,"supportsEl":null,"identifiesControllerService":null},"templateValue":"${metadata.table.feedFormat}","userEditable":false,"renderType":"text","renderOptions":{},"selected":true,"inputProperty":false,"containsConfigurationVariables":false,"templateProperty":null,"idKey":"f31ee9bf-015a-1000-0000-000000000000-3d3a44a0-7365-1c62-0000-000000000000-metadata.table.feedFormat","processorNameTypeKey":"Initialize Feed Parameters-org.apache.nifi.processors.attributes.UpdateAttribute-metadata.table.feedFormat","nameKey":"NiFi Flow-Initialize Feed Parameters-metadata.table.feedFormat"},{"processGroupName":"NiFi Flow","processorName":"Initialize Feed Parameters","processorId":"3d3a44a0-7365-1c62-0000-000000000000","processGroupId":"f31ee9bf-015a-1000-0000-000000000000","processorType":"org.apache.nifi.processors.attributes.UpdateAttribute","key":"metadata.table.fieldIndexString","value":"${metadata.table.fieldIndexString}","expressionProperties":null,"propertyDescriptor":{"name":"metadata.table.fieldIndexString","displayName":null,"description":null,"defaultValue":null,"allowableValues":null,"required":null,"sensitive":null,"dynamic":null,"supportsEl":null,"identifiesControllerService":null},"templateValue":"${metadata.table.fieldIndexString}","userEditable":false,"renderType":"text","renderOptions":{},"selected":true,"inputProperty":false,"containsConfigurationVariables":false,"templateProperty":null,"idKey":"f31ee9bf-015a-1000-0000-000000000000-3d3a44a0-7365-1c62-0000-000000000000-metadata.table.fieldIndexString","processorNameTypeKey":"Initialize Feed Parameters-org.apache.nifi.processors.attributes.UpdateAttribute-metadata.table.fieldIndexString","nameKey":"NiFi Flow-Initialize Feed Parameters-metadata.table.fieldIndexString"},{"processGroupName":"NiFi Flow","processorName":"Initialize Feed Parameters","processorId":"3d3a44a0-7365-1c62-0000-000000000000","processGroupId":"f31ee9bf-015a-1000-0000-000000000000","processorType":"org.apache.nifi.processors.attributes.UpdateAttribute","key":"metadata.table.fieldPoliciesJson","value":"${metadata.table.fieldPoliciesJson}","expressionProperties":null,"propertyDescriptor":{"name":"metadata.table.fieldPoliciesJson","displayName":null,"description":null,"defaultValue":null,"allowableValues":null,"required":null,"sensitive":null,"dynamic":null,"supportsEl":null,"identifiesControllerService":null},"templateValue":"${metadata.table.fieldPoliciesJson}","userEditable":false,"renderType":"text","renderOptions":{},"selected":true,"inputProperty":false,"containsConfigurationVariables":false,"templateProperty":null,"idKey":"f31ee9bf-015a-1000-0000-000000000000-3d3a44a0-7365-1c62-0000-000000000000-metadata.table.fieldPoliciesJson","processorNameTypeKey":"Initialize Feed Parameters-org.apache.nifi.processors.attributes.UpdateAttribute-metadata.table.fieldPoliciesJson","nameKey":"NiFi Flow-Initialize Feed Parameters-metadata.table.fieldPoliciesJson"},{"processGroupName":"NiFi Flow","processorName":"Initialize Feed Parameters","processorId":"3d3a44a0-7365-1c62-0000-000000000000","processGroupId":"f31ee9bf-015a-1000-0000-000000000000","processorType":"org.apache.nifi.processors.attributes.UpdateAttribute","key":"metadata.table.fieldStructure","value":"${metadata.table.fieldStructure}","expressionProperties":null,"propertyDescriptor":{"name":"metadata.table.fieldStructure","displayName":null,"description":null,"defaultValue":null,"allowableValues":null,"required":null,"sensitive":null,"dynamic":null,"supportsEl":null,"identifiesControllerService":null},"templateValue":"${metadata.table.fieldStructure}","userEditable":false,"renderType":"text","renderOptions":{},"selected":true,"inputProperty":false,"containsConfigurationVariables":false,"templateProperty":null,"idKey":"f31ee9bf-015a-1000-0000-000000000000-3d3a44a0-7365-1c62-0000-000000000000-metadata.table.fieldStructure","processorNameTypeKey":"Initialize Feed Parameters-org.apache.nifi.processors.attributes.UpdateAttribute-metadata.table.fieldStructure","nameKey":"NiFi Flow-Initialize Feed Parameters-metadata.table.fieldStructure"},{"processGroupName":"NiFi Flow","processorName":"Initialize Feed Parameters","processorId":"3d3a44a0-7365-1c62-0000-000000000000","processGroupId":"f31ee9bf-015a-1000-0000-000000000000","processorType":"org.apache.nifi.processors.attributes.UpdateAttribute","key":"metadata.table.partitionSpecs","value":"${metadata.table.partitionSpecs}","expressionProperties":null,"propertyDescriptor":{"name":"metadata.table.partitionSpecs","displayName":null,"description":null,"defaultValue":null,"allowableValues":null,"required":null,"sensitive":null,"dynamic":null,"supportsEl":null,"identifiesControllerService":null},"templateValue":"${metadata.table.partitionSpecs}","userEditable":false,"renderType":"text","renderOptions":{},"selected":true,"inputProperty":false,"containsConfigurationVariables":false,"templateProperty":null,"idKey":"f31ee9bf-015a-1000-0000-000000000000-3d3a44a0-7365-1c62-0000-000000000000-metadata.table.partitionSpecs","processorNameTypeKey":"Initialize Feed Parameters-org.apache.nifi.processors.attributes.UpdateAttribute-metadata.table.partitionSpecs","nameKey":"NiFi Flow-Initialize Feed Parameters-metadata.table.partitionSpecs"},{"processGroupName":"NiFi Flow","processorName":"Initialize Feed Parameters","processorId":"3d3a44a0-7365-1c62-0000-000000000000","processGroupId":"f31ee9bf-015a-1000-0000-000000000000","processorType":"org.apache.nifi.processors.attributes.UpdateAttribute","key":"metadata.table.partitionStructure","value":"${metadata.table.partitionStructure}","expressionProperties":null,"propertyDescriptor":{"name":"metadata.table.partitionStructure","displayName":null,"description":null,"defaultValue":null,"allowableValues":null,"required":null,"sensitive":null,"dynamic":null,"supportsEl":null,"identifiesControllerService":null},"templateValue":"${metadata.table.partitionStructure}","userEditable":false,"renderType":"text","renderOptions":{},"selected":true,"inputProperty":false,"containsConfigurationVariables":false,"templateProperty":null,"idKey":"f31ee9bf-015a-1000-0000-000000000000-3d3a44a0-7365-1c62-0000-000000000000-metadata.table.partitionStructure","processorNameTypeKey":"Initialize Feed Parameters-org.apache.nifi.processors.attributes.UpdateAttribute-metadata.table.partitionStructure","nameKey":"NiFi Flow-Initialize Feed Parameters-metadata.table.partitionStructure"},{"processGroupName":"NiFi Flow","processorName":"Initialize Feed Parameters","processorId":"3d3a44a0-7365-1c62-0000-000000000000","processGroupId":"f31ee9bf-015a-1000-0000-000000000000","processorType":"org.apache.nifi.processors.attributes.UpdateAttribute","key":"metadata.table.targetFormat","value":"${metadata.table.targetFormat}","expressionProperties":null,"propertyDescriptor":{"name":"metadata.table.targetFormat","displayName":null,"description":null,"defaultValue":null,"allowableValues":null,"required":null,"sensitive":null,"dynamic":null,"supportsEl":null,"identifiesControllerService":null},"templateValue":"${metadata.table.targetFormat}","userEditable":false,"renderType":"text","renderOptions":{},"selected":true,"inputProperty":false,"containsConfigurationVariables":false,"templateProperty":null,"idKey":"f31ee9bf-015a-1000-0000-000000000000-3d3a44a0-7365-1c62-0000-000000000000-metadata.table.targetFormat","processorNameTypeKey":"Initialize Feed Parameters-org.apache.nifi.processors.attributes.UpdateAttribute-metadata.table.targetFormat","nameKey":"NiFi Flow-Initialize Feed Parameters-metadata.table.targetFormat"},{"processGroupName":"NiFi Flow","processorName":"Initialize Feed Parameters","processorId":"3d3a44a0-7365-1c62-0000-000000000000","processGroupId":"f31ee9bf-015a-1000-0000-000000000000","processorType":"org.apache.nifi.processors.attributes.UpdateAttribute","key":"metadata.table.targetMergeStrategy","value":"${metadata.table.targetMergeStrategy}","expressionProperties":null,"propertyDescriptor":{"name":"metadata.table.targetMergeStrategy","displayName":null,"description":null,"defaultValue":null,"allowableValues":null,"required":null,"sensitive":null,"dynamic":null,"supportsEl":null,"identifiesControllerService":null},"templateValue":"${metadata.table.targetMergeStrategy}","userEditable":false,"renderType":"text","renderOptions":{},"selected":true,"inputProperty":false,"containsConfigurationVariables":false,"templateProperty":null,"idKey":"f31ee9bf-015a-1000-0000-000000000000-3d3a44a0-7365-1c62-0000-000000000000-metadata.table.targetMergeStrategy","processorNameTypeKey":"Initialize Feed Parameters-org.apache.nifi.processors.attributes.UpdateAttribute-metadata.table.targetMergeStrategy","nameKey":"NiFi Flow-Initialize Feed Parameters-metadata.table.targetMergeStrategy"},{"processGroupName":"NiFi Flow","processorName":"Initialize Feed Parameters","processorId":"3d3a44a0-7365-1c62-0000-000000000000","processGroupId":"f31ee9bf-015a-1000-0000-000000000000","processorType":"org.apache.nifi.processors.attributes.UpdateAttribute","key":"metadata.table.targetTblProperties","value":"${metadata.table.targetTblProperties}","expressionProperties":null,"propertyDescriptor":{"name":"metadata.table.targetTblProperties","displayName":null,"description":null,"defaultValue":null,"allowableValues":null,"required":null,"sensitive":null,"dynamic":null,"supportsEl":null,"identifiesControllerService":null},"templateValue":"${metadata.table.targetTblProperties}","userEditable":false,"renderType":"text","renderOptions":{},"selected":true,"inputProperty":false,"containsConfigurationVariables":false,"templateProperty":null,"idKey":"f31ee9bf-015a-1000-0000-000000000000-3d3a44a0-7365-1c62-0000-000000000000-metadata.table.targetTblProperties","processorNameTypeKey":"Initialize Feed Parameters-org.apache.nifi.processors.attributes.UpdateAttribute-metadata.table.targetTblProperties","nameKey":"NiFi Flow-Initialize Feed Parameters-metadata.table.targetTblProperties"},{"processGroupName":"NiFi Flow","processorName":"Initialize Feed Parameters","processorId":"3d3a44a0-7365-1c62-0000-000000000000","processGroupId":"f31ee9bf-015a-1000-0000-000000000000","processorType":"org.apache.nifi.processors.attributes.UpdateAttribute","key":"skipHeader","value":"${metadata.options.skipHeader}","expressionProperties":null,"propertyDescriptor":{"name":"skipHeader","displayName":null,"description":null,"defaultValue":null,"allowableValues":null,"required":null,"sensitive":null,"dynamic":null,"supportsEl":null,"identifiesControllerService":null},"templateValue":"${metadata.options.skipHeader}","userEditable":false,"renderType":"text","renderOptions":{},"selected":true,"inputProperty":false,"containsConfigurationVariables":false,"templateProperty":null,"idKey":"f31ee9bf-015a-1000-0000-000000000000-3d3a44a0-7365-1c62-0000-000000000000-skipHeader","processorNameTypeKey":"Initialize Feed Parameters-org.apache.nifi.processors.attributes.UpdateAttribute-skipHeader","nameKey":"NiFi Flow-Initialize Feed Parameters-skipHeader"}],"type":"org.apache.nifi.processors.attributes.UpdateAttribute","name":"Initialize Feed Parameters","id":"3d3a44a0-7365-1c62-0000-000000000000","groupName":"NiFi Flow","groupId":"f31ee9bf-015a-1000-0000-000000000000","inputProcessor":false,"userDefinedInputProcessor":false}],"inputProcessors":[{"properties":[{"processGroupName":"NiFi Flow","processorName":"GetTwitter","processorId":"2c9405dd-f5cf-41eb-0000-000000000000","processGroupId":"f31ee9bf-015a-1000-0000-000000000000","processorType":"org.apache.nifi.processors.twitter.GetTwitter","key":"Access Token","value":"","expressionProperties":null,"propertyDescriptor":{"name":"Access Token","displayName":null,"description":null,"defaultValue":null,"allowableValues":null,"required":null,"sensitive":null,"dynamic":null,"supportsEl":null,"identifiesControllerService":null},"templateValue":"","userEditable":true,"renderType":"text","renderOptions":{},"selected":true,"inputProperty":true,"containsConfigurationVariables":false,"templateProperty":null,"idKey":"f31ee9bf-015a-1000-0000-000000000000-2c9405dd-f5cf-41eb-0000-000000000000-Access Token","processorNameTypeKey":"GetTwitter-org.apache.nifi.processors.twitter.GetTwitter-Access Token","nameKey":"NiFi Flow-GetTwitter-Access Token"},{"processGroupName":"NiFi Flow","processorName":"GetTwitter","processorId":"2c9405dd-f5cf-41eb-0000-000000000000","processGroupId":"f31ee9bf-015a-1000-0000-000000000000","processorType":"org.apache.nifi.processors.twitter.GetTwitter","key":"Access Token Secret","value":null,"expressionProperties":null,"propertyDescriptor":{"name":"Access Token Secret","displayName":null,"description":null,"defaultValue":null,"allowableValues":null,"required":null,"sensitive":null,"dynamic":null,"supportsEl":null,"identifiesControllerService":null},"templateValue":null,"userEditable":true,"renderType":"text","renderOptions":{},"selected":true,"inputProperty":true,"containsConfigurationVariables":false,"templateProperty":null,"idKey":"f31ee9bf-015a-1000-0000-000000000000-2c9405dd-f5cf-41eb-0000-000000000000-Access Token Secret","processorNameTypeKey":"GetTwitter-org.apache.nifi.processors.twitter.GetTwitter-Access Token Secret","nameKey":"NiFi Flow-GetTwitter-Access Token Secret"},{"processGroupName":"NiFi Flow","processorName":"GetTwitter","processorId":"2c9405dd-f5cf-41eb-0000-000000000000","processGroupId":"f31ee9bf-015a-1000-0000-000000000000","processorType":"org.apache.nifi.processors.twitter.GetTwitter","key":"Consumer Key","value":"","expressionProperties":null,"propertyDescriptor":{"name":"Consumer Key","displayName":null,"description":null,"defaultValue":null,"allowableValues":null,"required":null,"sensitive":null,"dynamic":null,"supportsEl":null,"identifiesControllerService":null},"templateValue":"","userEditable":true,"renderType":"text","renderOptions":{},"selected":true,"inputProperty":true,"containsConfigurationVariables":false,"templateProperty":null,"idKey":"f31ee9bf-015a-1000-0000-000000000000-2c9405dd-f5cf-41eb-0000-000000000000-Consumer Key","processorNameTypeKey":"GetTwitter-org.apache.nifi.processors.twitter.GetTwitter-Consumer Key","nameKey":"NiFi Flow-GetTwitter-Consumer Key"},{"processGroupName":"NiFi Flow","processorName":"GetTwitter","processorId":"2c9405dd-f5cf-41eb-0000-000000000000","processGroupId":"f31ee9bf-015a-1000-0000-000000000000","processorType":"org.apache.nifi.processors.twitter.GetTwitter","key":"Consumer Secret","value":null,"expressionProperties":null,"propertyDescriptor":{"name":"Consumer Secret","displayName":null,"description":null,"defaultValue":null,"allowableValues":null,"required":null,"sensitive":null,"dynamic":null,"supportsEl":null,"identifiesControllerService":null},"templateValue":null,"userEditable":true,"renderType":"text","renderOptions":{},"selected":true,"inputProperty":true,"containsConfigurationVariables":false,"templateProperty":null,"idKey":"f31ee9bf-015a-1000-0000-000000000000-2c9405dd-f5cf-41eb-0000-000000000000-Consumer Secret","processorNameTypeKey":"GetTwitter-org.apache.nifi.processors.twitter.GetTwitter-Consumer Secret","nameKey":"NiFi Flow-GetTwitter-Consumer Secret"},{"processGroupName":"NiFi Flow","processorName":"GetTwitter","processorId":"2c9405dd-f5cf-41eb-0000-000000000000","processGroupId":"f31ee9bf-015a-1000-0000-000000000000","processorType":"org.apache.nifi.processors.twitter.GetTwitter","key":"Languages","value":"fr,en","expressionProperties":null,"propertyDescriptor":{"name":"Languages","displayName":null,"description":null,"defaultValue":null,"allowableValues":null,"required":null,"sensitive":null,"dynamic":null,"supportsEl":null,"identifiesControllerService":null},"templateValue":"fr,en","userEditable":true,"renderType":"text","renderOptions":{},"selected":true,"inputProperty":true,"containsConfigurationVariables":false,"templateProperty":null,"idKey":"f31ee9bf-015a-1000-0000-000000000000-2c9405dd-f5cf-41eb-0000-000000000000-Languages","processorNameTypeKey":"GetTwitter-org.apache.nifi.processors.twitter.GetTwitter-Languages","nameKey":"NiFi Flow-GetTwitter-Languages"},{"processGroupName":"NiFi Flow","processorName":"GetTwitter","processorId":"2c9405dd-f5cf-41eb-0000-000000000000","processGroupId":"f31ee9bf-015a-1000-0000-000000000000","processorType":"org.apache.nifi.processors.twitter.GetTwitter","key":"Terms to Filter On","value":null,"expressionProperties":null,"propertyDescriptor":{"name":"Terms to Filter On","displayName":null,"description":null,"defaultValue":null,"allowableValues":null,"required":null,"sensitive":null,"dynamic":null,"supportsEl":null,"identifiesControllerService":null},"templateValue":null,"userEditable":true,"renderType":"text","renderOptions":{},"selected":true,"inputProperty":true,"containsConfigurationVariables":false,"templateProperty":null,"idKey":"f31ee9bf-015a-1000-0000-000000000000-2c9405dd-f5cf-41eb-0000-000000000000-Terms to Filter On","processorNameTypeKey":"GetTwitter-org.apache.nifi.processors.twitter.GetTwitter-Terms to Filter On","nameKey":"NiFi Flow-GetTwitter-Terms to Filter On"}],"type":"org.apache.nifi.processors.twitter.GetTwitter","name":"GetTwitter","id":"2c9405dd-f5cf-41eb-0000-000000000000","groupName":"NiFi Flow","groupId":"f31ee9bf-015a-1000-0000-000000000000","inputProcessor":true,"userDefinedInputProcessor":false}],"id":"c7fce65a-9bed-4038-815c-a2ba0c62430f","nifiTemplateId":"1153a4d4-64f2-4126-8d2f-d25fdb318b89","templateName":"Demo Twitter","updateDate":1493739761775,"createDate":1493739158488,"icon":"twitter","iconColor":"#FF5252","description":null,"state":"ENABLED","defineTable":true,"reusableTemplate":false,"reusableTemplateConnections":[{"feedOutputPortName":"output-twitter","reusableTemplateInputPortName":"standard-ingest","inputPortDisplayName":"standard-ingest"}],"registeredDatasourceDefinitions":[{"processorType":"org.apache.nifi.processors.standard.PutFile","processorName":"Failed Flow","processorId":"2b1f1ef0-4e08-1bd6-38d9-05d2e207981e","datasourceDefinition":{"processorType":"org.apache.nifi.processors.standard.PutFile","connectionType":"DESTINATION","datasourcePropertyKeys":["Directory"],"datasourceType":"DirectoryDatasource","identityString":"${Directory}","description":null,"title":"${Directory}"}},{"processorType":"org.apache.nifi.processors.hadoop.PutHDFS","processorName":"Archive Originals","processorId":"2b1f1ef0-4e0d-1bd6-1126-538a2adbe290","datasourceDefinition":{"processorType":"org.apache.nifi.processors.hadoop.PutHDFS","connectionType":"DESTINATION","datasourcePropertyKeys":["Directory"],"datasourceType":"HDFSDatasource","identityString":"${Directory}","description":null,"title":"${Directory}"}},{"processorType":"com.thinkbiganalytics.nifi.v2.ingest.MergeTable","processorName":"Merge Table","processorId":"2b1f1ef0-4e13-1bd6-ea50-9c33dd3bc0f1","datasourceDefinition":{"processorType":"com.thinkbiganalytics.nifi.v2.ingest.MergeTable","connectionType":"DESTINATION","datasourcePropertyKeys":["Target schema","Target table"],"datasourceType":"HiveDatasource","identityString":"${Target schema}.${Target table}","description":null,"title":"${Target schema}.${Target table}"}},{"processorType":"org.apache.nifi.processors.hadoop.PutHDFS","processorName":"Upload to HDFS","processorId":"2b1f1ef0-4e14-1bd6-5d15-90cdd8e0793b","datasourceDefinition":{"processorType":"org.apache.nifi.processors.hadoop.PutHDFS","connectionType":"DESTINATION","datasourcePropertyKeys":["Directory"],"datasourceType":"HDFSDatasource","identityString":"${Directory}","description":null,"title":"${Directory}"}}],"order":1,"templateOrder":null,"feedsCount":1,"stream":true,"allowPreconditions":false,"dataTransformation":false,"isStream":true}